"作品Title/曲名","Video /BGA      (optional)","sequenceId","bg","提交時間","ID","Created Date","Updated Date","Owner","作品Title/曲名的複本","isDQ"
"ねぇねぇねぇ。","wix:video://v1/a7a141_2da2c3d4d4ee4e6b97ec0dd7d61137a1/mv.mp4#posterUri=a7a141_2da2c3d4d4ee4e6b97ec0dd7d61137a1f001.jpg&posterWidth=852&posterHeight=480","266","wix:image://v1/a7a141_a08b0b448fb44769b1a57454e02fdff5~mv2.jpg/bg.jpg#originWidth=1280&originHeight=720","2026-04-30T17:29:09Z","work-row-0001","2026-04-30T17:29:11Z","2026-05-09T16:56:22Z","user-0021","","true"
"裏命ちゃんのフクオカトリップ奇騒曲","wix:video://v1/bc0d05_d8693671f95444b5b071a1c71aa2e02f/mv.mp4#posterUri=bc0d05_d8693671f95444b5b071a1c71aa2e02ff001.jpg&posterWidth=854&posterHeight=480","86","wix:image://v1/bc0d05_be7a4ebf35ab46cebd9af7cbef81d5d6~mv2.jpg/bg.jpg#originWidth=1080&originHeight=1080","2026-04-10T01:48:38Z","work-row-0002","2026-04-10T01:48:39Z","2026-05-03T07:27:01Z","user-0090","","true"
"芥の部屋は錆色に沈む","","242","wix:image://v1/ad2fef_2f1eda51ed074333bbf6aad954696e83~mv2.jpg/bg.jpg#originWidth=1600&originHeight=1600","2026-04-23T21:59:07Z","work-row-0003","2026-04-23T21:59:08Z","2026-05-03T15:46:20Z","user-0192","","true"
"異星にいこうね (feat. 星界)","wix:video://v1/d04e7f_77a4654b1e7c4ac7909e44b926f48383/bg.mp4#posterUri=d04e7f_77a4654b1e7c4ac7909e44b926f48383f001.jpg&posterWidth=854&posterHeight=480","174","wix:image://v1/d04e7f_bfd3730f4f984c698cc8a29ec4aa7a31~mv2.png/bg.png#originWidth=500&originHeight=500","2026-04-13T04:23:26Z","work-row-0004","2026-04-13T04:23:27Z","2026-05-09T18:17:44Z","user-0087","","true"
"SAN値直葬","wix:video://v1/abe879_3a4091338cbf41b4a269226633d782ad/mv.mp4#posterUri=abe879_3a4091338cbf41b4a269226633d782adf001.jpg&posterWidth=854&posterHeight=480","81","wix:image://v1/abe879_2b10d099deb548f6902a3dc786cd4292~mv2.jpg/bg.jpg#originWidth=1400&originHeight=1400","2026-04-09T18:45:25Z","work-row-0005","2026-04-09T18:45:27Z","2026-04-25T04:28:06Z","user-0024","","true"
"バリアシエラ","","278","wix:image://v1/31b053_076d17e505c1437ab6d2e11254b12c63~mv2.jpg/bg.jpg#originWidth=500&originHeight=500","2026-05-02T17:37:34Z","work-row-0006","2026-05-02T17:37:36Z","2026-05-09T18:21:11Z","user-0208","","true"
"終焉逃避行","wix:video://v1/ff432b_ffd1ec5bcc9142cd985b0d61adfaae7d/bg.mp4#posterUri=ff432b_ffd1ec5bcc9142cd985b0d61adfaae7df001.jpg&posterWidth=854&posterHeight=480","99","wix:image://v1/ff432b_f1b96d74bb5b4c32b555be3121f1d841~mv2.jpg/bg.jpg#originWidth=1400&originHeight=1400","2026-04-10T06:48:49Z","work-row-0007","2026-04-10T06:48:50Z","2026-05-09T18:15:54Z","user-0156","","true"
"黒塗り世界宛て書簡","","78","wix:image://v1/e6a1f5_3339e719300244d2b38b104ed66e554f~mv2.jpg/bg.jpg#originWidth=1600&originHeight=1600","2026-04-09T17:57:04Z","work-row-0008","2026-04-09T17:57:04Z","2026-05-03T07:26:47Z","user-0180","","true"
"OGRE","wix:video://v1/605de5_d30a69b272b545858b449162b2810ff2/bg.mp4#posterUri=605de5_d30a69b272b545858b449162b2810ff2f001.jpg&posterWidth=854&posterHeight=480","18","wix:image://v1/605de5_2043f52d2d5f4fd49956f1e3c0d3b2f2~mv2.jpg/bg.jpg#originWidth=1400&originHeight=1400","2026-04-09T05:31:00Z","work-row-0009","2026-04-09T05:31:00Z","2026-04-25T04:23:36Z","user-0105","","true"
"マイクロアグレッション","wix:video://v1/fa7bbc_886ecda2ebb144cca2e3558d20621c4b/bg.mp4#posterUri=fa7bbc_886ecda2ebb144cca2e3558d20621c4bf001.jpg&posterWidth=854&posterHeight=480","118","wix:image://v1/fa7bbc_f273df88b2d743bb82ec542ca0d9ab23~mv2.jpg/bg.jpg#originWidth=1400&originHeight=1400","2026-04-10T15:19:57Z","work-row-0010","2026-04-10T15:19:59Z","2026-05-03T07:27:40Z","user-0227","","true"
"恋愛裁判","wix:video://v1/021359_14d1ffb6d18b457eb499653268d30eb0/pv.mp4#posterUri=021359_14d1ffb6d18b457eb499653268d30eb0f001.jpg&posterWidth=300&posterHeight=300","233","wix:image://v1/021359_4553fa3030e04f1384e38609d29f0d89~mv2.jpg/bg.jpg#originWidth=600&originHeight=600","2026-04-22T13:33:36Z","work-row-0011","2026-04-22T13:33:38Z","2026-04-25T04:32:27Z","user-0197","","true"
"不死身ごっこ","wix:video://v1/952f70_8512ec478adb472cb1f1a27261e53509/pv.mp4#posterUri=952f70_8512ec478adb472cb1f1a27261e53509f001.jpg&posterWidth=854&posterHeight=480","39","wix:image://v1/952f70_3dc5bd3c0f9d45d490d10d7c486c0636~mv2.jpg/bg.jpg#originWidth=1600&originHeight=1600","2026-04-09T12:18:07Z","work-row-0012","2026-04-09T12:18:07Z","2026-05-02T17:45:42Z","user-0281","","true"
"ぼかろころしあむ","wix:video://v1/c9b09f_18991572f3d6448e887a1c6d943b8094/pv.mp4#posterUri=c9b09f_18991572f3d6448e887a1c6d943b8094f001.jpg&posterWidth=1920&posterHeight=1080","295","wix:image://v1/c9b09f_c797deab772a45d6b430edc34fa3567e~mv2.jpg/bg.jpg#originWidth=1152&originHeight=720","2026-05-03T06:17:50Z","work-row-0013","2026-05-03T06:17:51Z","2026-05-03T15:43:01Z","user-0282","","true"
"RIP＝RELEASE","wix:video://v1/a26d9c_724dd43b0819479f8ae52256b8f3b5fa/pv.mp4#posterUri=a26d9c_724dd43b0819479f8ae52256b8f3b5faf001.jpg&posterWidth=854&posterHeight=480","71","wix:image://v1/a26d9c_ac0a7cfa4fcb44788f4d9b5ee5e5ad2e~mv2.png/bg.png#originWidth=568&originHeight=566","2026-04-09T16:57:44Z","work-row-0014","2026-04-09T16:57:44Z","2026-05-03T07:26:39Z","user-0217","","true"
"WATER","","2","wix:image://v1/a93f8f_b8b6df1685b94593822938a5e5b8ed23~mv2.jpg/bg.jpg#originWidth=500&originHeight=500","2026-04-09T04:38:25Z","work-row-0015","2026-04-09T04:38:25Z","2026-05-03T07:25:10Z","user-0193","","true"
"『風船と少女』","wix:video://v1/ce329c_919c0928516f4095a4b20daa912d60f1/bg.mp4#posterUri=ce329c_919c0928516f4095a4b20daa912d60f1f001.jpg&posterWidth=1280&posterHeight=720","194","wix:image://v1/ce329c_05291499a7a14218acbf96050502feb9~mv2.jpg/bg.jpg#originWidth=1080&originHeight=1080","2026-04-16T13:32:53Z","work-row-0016","2026-04-16T13:32:53Z","2026-05-09T18:18:30Z","user-0247","","true"
"春暮るる","wix:video://v1/d8b951_b5ec530c2eec408ba2e152a27a68f5fc/pv.mp4#posterUri=d8b951_b5ec530c2eec408ba2e152a27a68f5fcf001.jpg&posterWidth=854&posterHeight=480","259","wix:image://v1/d8b951_36bea625461045b08c99fc0f2fe44de7~mv2.jpg/bg.jpg#originWidth=1000&originHeight=1000","2026-04-29T09:00:11Z","work-row-0017","2026-04-29T09:00:12Z","2026-04-29T09:04:35Z","user-0127","",""
"ラッキー☆オーブ","wix:video://v1/bc607b_9e45683a8fdd4e7f885d11059afedada/bg.mp4#posterUri=bc607b_9e45683a8fdd4e7f885d11059afedadaf001.jpg&posterWidth=638&posterHeight=360","227","wix:image://v1/bc607b_737eb6a88cfc4896873618c972e93746~mv2.png/bg.png#originWidth=1024&originHeight=1024","2026-04-21T17:51:16Z","work-row-0018","2026-04-21T17:51:17Z","2026-05-09T18:19:31Z","user-0018","","true"
"Search of ""Life is Beautiful""","","152","wix:image://v1/e3ef2b_94afc3952e0b449cae3bcf9ee016d76c~mv2.jpg/bg.jpg#originWidth=1334&originHeight=750","2026-04-11T18:44:18Z","work-row-0019","2026-04-11T18:44:18Z","2026-05-03T07:28:52Z","user-0120","","true"
"創作性シンドローム","wix:video://v1/7bf306_aecc2a36b2bf446fb8dcc7c702757fab/bg.mp4#posterUri=7bf306_aecc2a36b2bf446fb8dcc7c702757fabf001.jpg&posterWidth=428&posterHeight=240","14","wix:image://v1/7bf306_977856f0bf57466e87f49b9d69c90f37~mv2.jpg/bg.jpg#originWidth=1000&originHeight=1000","2026-04-09T05:24:56Z","work-row-0020","2026-04-09T05:24:57Z","2026-05-09T18:14:02Z","user-0012","","true"
"九段下パンデミック","","241","wix:image://v1/620c91_6e5567a846fb45eeb4a490b13b84d297~mv2.jpg/bg.jpg#originWidth=640&originHeight=640","2026-04-23T16:26:50Z","work-row-0021","2026-04-23T16:26:52Z","2026-05-09T16:55:59Z","user-0143","","true"
"ココロの質量","wix:video://v1/1396c6_4df74e26a5d5411fbbbb3c3de1c30cb1/bg.mp4#posterUri=1396c6_4df74e26a5d5411fbbbb3c3de1c30cb1f001.jpg&posterWidth=854&posterHeight=480","35","wix:image://v1/1396c6_2621561d4b3e4d3f9d7e32f122de2b90~mv2.png/bg.png#originWidth=1079&originHeight=1080","2026-04-09T11:31:44Z","work-row-0022","2026-04-09T11:31:45Z","2026-04-26T04:58:36Z","user-0212","","true"
"トーチカ","","91","wix:image://v1/4b285f_1f6a5384fd894c7ab4fa5cb0692e41ad~mv2.png/bg.png#originWidth=800&originHeight=500","2026-04-10T04:35:29Z","work-row-0023","2026-04-10T04:35:30Z","2026-05-03T07:27:11Z","user-0022","","true"
"幕を下ろそう、パレードへ","wix:video://v1/d8f3d5_7a533c3ad4db474baaf7aaf77e197bcb/mv.mp4#posterUri=d8f3d5_7a533c3ad4db474baaf7aaf77e197bcbf001.jpg&posterWidth=874&posterHeight=480","216","wix:image://v1/d8f3d5_03c1543494124b909d02f33503584e98~mv2.jpg/bg.jpg#originWidth=720&originHeight=720","2026-04-19T09:33:54Z","work-row-0024","2026-04-19T09:33:55Z","2026-04-25T04:32:21Z","user-0283","","true"
"ガブチ feat. 重音テトSV","wix:video://v1/955c69_c5349ceb67d64260952f7e5e27ba0696/bg.mp4#posterUri=955c69_c5349ceb67d64260952f7e5e27ba0696f001.jpg&posterWidth=1280&posterHeight=720","49","wix:image://v1/955c69_6fd5cd143d4c4b0a9d353b80a48cb5a0~mv2.png/bg.png#originWidth=468&originHeight=466","2026-04-09T14:57:58Z","work-row-0025","2026-04-09T14:57:59Z","2026-05-09T18:14:43Z","user-0063","","true"
"アトラクトライト","","191","wix:image://v1/56fcab_cf2bd676cf2e44798c133141c48b75df~mv2.jpg/bg.jpg#originWidth=740&originHeight=740","2026-04-14T16:11:35Z","work-row-0026","2026-04-14T16:11:36Z","2026-04-26T04:53:07Z","user-0284","","true"
"ドリームレス·ドリームス","","229","wix:image://v1/e2089b_edcf2fc38b4d4697b0fe09da643844be~mv2.jpg/bg.jpg#originWidth=800&originHeight=800","2026-04-22T01:15:33Z","work-row-0027","2026-04-22T01:15:34Z","2026-05-03T07:30:53Z","user-0007","","true"
"ことばのおばけがまどからみている","","30","wix:image://v1/ed7fe9_08289a9b956341f4ae8deefa73de6cb2~mv2.jpg/bg.jpg#originWidth=625&originHeight=625","2026-04-09T10:32:12Z","work-row-0028","2026-04-09T10:32:13Z","2026-04-25T04:24:04Z","user-0238","","true"
"爱言叶V","wix:video://v1/c52e5b_a0217526b66544f1a26fba1e01445391/pv.mp4#posterUri=c52e5b_a0217526b66544f1a26fba1e01445391f001.jpg&posterWidth=1200&posterHeight=1200","172","wix:image://v1/c52e5b_0ed8d52bcbe24825bd4156008b825d65~mv2.png/bg.png#originWidth=1080&originHeight=1080","2026-04-13T03:42:34Z","work-row-0029","2026-04-13T03:42:35Z","2026-04-25T04:41:21Z","user-0237","","true"
"X.E.N.O.","wix:video://v1/e2427b_b4d4de01a46d4da888befc9cd23dcc2a/redpandacompress_bg.mp4#posterUri=e2427b_b4d4de01a46d4da888befc9cd23dcc2af001.jpg&posterWidth=1280&posterHeight=720","160","wix:image://v1/e2427b_0df71cc2ee7346caa7bbb510b08fc5a1~mv2.jpg/bg.jpg#originWidth=500&originHeight=500","2026-04-12T09:27:02Z","work-row-0030","2026-04-12T09:27:02Z","2026-04-25T04:30:08Z","user-0149","","true"
"可不ちゃんのカレーうどん狂騒曲","wix:video://v1/5cda9b_d4b89193d9e946159e28698c6db7206f/pv.mp4#posterUri=5cda9b_d4b89193d9e946159e28698c6db7206ff001.jpg&posterWidth=854&posterHeight=466","66","wix:image://v1/5cda9b_60cea353cd3f437c99352a993c0169b1~mv2.jpg/bg.jpg#originWidth=500&originHeight=500","2026-04-09T16:20:03Z","work-row-0031","2026-04-09T16:20:03Z","2026-04-25T04:25:39Z","user-0259","","true"
"Loucetios (feat. Oliver&鏡音レン)","","252","wix:image://v1/2bd3a3_298d36c1ad6b499e9b6cb86f7430295e~mv2.jpg/bg.jpg#originWidth=1400&originHeight=1400","2026-04-27T15:21:27Z","work-row-0032","2026-04-27T15:21:28Z","2026-05-09T16:56:06Z","user-0112","","true"
"見つかんない見つかんない","wix:video://v1/799221_4d18acdb58ce40579993a4c4ec97ce51/pv.mp4#posterUri=799221_4d18acdb58ce40579993a4c4ec97ce51f001.jpg&posterWidth=852&posterHeight=480","267","wix:image://v1/799221_603e792474074369993f10199d595ee3~mv2.jpg/bg.jpg#originWidth=1080&originHeight=1080","2026-05-01T09:26:31Z","work-row-0033","2026-05-01T09:26:32Z","2026-05-01T09:34:43Z","user-0124","",""
"ふせっしょー","","108","wix:image://v1/ffd433_44242ae6adf642f989c5f2169da3fe2b~mv2.jpg/bg.jpg#originWidth=2876&originHeight=2876","2026-04-10T10:31:59Z","work-row-0034","2026-04-10T10:32:00Z","2026-05-09T18:16:11Z","user-0066","","true"
"ドーピングダンス (feat. 初音ミク)","","167","wix:image://v1/8d92cd_ae8292f1966d4a328fef26615bde0728~mv2.jpg/bg.jpg#originWidth=960&originHeight=960","2026-04-12T17:26:14Z","work-row-0035","2026-04-12T17:26:15Z","2026-05-02T17:47:12Z","user-0285","","true"
"极星流浪夜","wix:video://v1/ec0a68_195567d518414017986dbdfa4cf1f757/pv.mp4#posterUri=ec0a68_195567d518414017986dbdfa4cf1f757f001.jpg&posterWidth=1920&posterHeight=810","36","wix:image://v1/ec0a68_ebbd5b0ef1ea45a297461ba7555f2de7~mv2.png/bg.png#originWidth=1950&originHeight=1950","2026-04-09T11:57:40Z","work-row-0036","2026-04-09T11:57:42Z","2026-04-09T16:36:11Z","user-0042","",""
"テトリス (DJ Noriken Remix)","","94","wix:image://v1/c32e0c_dd3ff548055c4ead9886f6e2d9a78354~mv2.jpg/bg.jpg#originWidth=1000&originHeight=1000","2026-04-10T04:52:25Z","work-row-0037","2026-04-10T04:52:25Z","2026-04-25T04:28:47Z","user-0146","","true"
"満員御礼","","198","wix:image://v1/e50d89_e3aed752fc59459c99f8014c88673eb9~mv2.jpg/bg.jpg#originWidth=979&originHeight=968","2026-04-17T08:29:26Z","work-row-0038","2026-04-17T08:29:27Z","2026-04-25T04:31:22Z","user-0001","","true"
"春難色","","124","wix:image://v1/602abb_3d889354d1974a73981a75a654ae7c0d~mv2.jpg/bg.jpg#originWidth=640&originHeight=640","2026-04-10T16:34:00Z","work-row-0039","2026-04-10T16:34:02Z","2026-04-10T16:34:08Z","user-0131","",""
"キティ","wix:video://v1/2d0cf8_63b7081dee334714863cb87b703777eb/pv.mp4#posterUri=2d0cf8_63b7081dee334714863cb87b703777ebf001.jpg&posterWidth=1040&posterHeight=480","72","wix:image://v1/2d0cf8_6b8fd08879d84415b2edf1e73d2fa634~mv2.jpg/bg.jpg#originWidth=1023&originHeight=1024","2026-04-09T17:05:02Z","work-row-0040","2026-04-09T17:05:03Z","2026-05-09T18:15:17Z","user-0069","","true"
"悲報！ワイ！ニート！","wix:video://v1/e77499_8567e52c65274a6eb360a74e06352c9e/bg.mp4#posterUri=e77499_8567e52c65274a6eb360a74e06352c9ef001.jpg&posterWidth=854&posterHeight=480","275","wix:image://v1/e77499_0d8b2e8679a7479e9b47a5ae4427ba30~mv2.jpg/bg.jpg#originWidth=676&originHeight=676","2026-05-02T16:49:07Z","work-row-0041","2026-05-02T16:49:07Z","2026-05-09T18:21:06Z","user-0167","","true"
"ヒトカタユリコイ","","268","wix:image://v1/52eb37_34edfa7d39cd4e17a28e2a8bfe08542c~mv2.png/bg.png#originWidth=800&originHeight=800","2026-05-01T15:35:00Z","work-row-0042","2026-05-01T15:35:01Z","2026-05-09T16:56:28Z","user-0252","","true"
"スーパーノヴァ (feat. 音街ウナ)","wix:video://v1/a4cb1f_285cccf293b74424ae1064ab1b386b98/pv.mp4#posterUri=a4cb1f_285cccf293b74424ae1064ab1b386b98f001.jpg&posterWidth=1920&posterHeight=1080","258","wix:image://v1/a4cb1f_a584937128d1423597ce562cbfb45f2d~mv2.jpg/bg.jpg#originWidth=500&originHeight=500","2026-04-29T08:16:28Z","work-row-0043","2026-04-29T08:16:29Z","2026-05-03T07:32:10Z","user-0103","","true"
"スプリットダンス","wix:video://v1/6165e3_8696d9b866804ec89b8d1007ac63b7ce/pv.mp4#posterUri=6165e3_8696d9b866804ec89b8d1007ac63b7cef001.jpg&posterWidth=1280&posterHeight=720","163","wix:image://v1/6165e3_e785e1d1bb6547d1b4735d6073598ef7~mv2.jpg/bg.jpg#originWidth=720&originHeight=719","2026-04-12T15:48:07Z","work-row-0044","2026-04-12T15:48:08Z","2026-04-25T04:30:23Z","user-0235","","true"
"イガク","wix:video://v1/960078_27203aed5d284761ac4a0d5ddbe44b45/bg.mp4#posterUri=960078_27203aed5d284761ac4a0d5ddbe44b45f001.jpg&posterWidth=854&posterHeight=480","82","wix:image://v1/960078_b001488504604c3f8fbae2b8afd0bc27~mv2.jpg/bg.jpg#originWidth=1600&originHeight=1600","2026-04-09T20:02:36Z","work-row-0045","2026-04-09T20:02:37Z","2026-05-03T07:26:51Z","user-0286","","true"
"馬→午马→UMA！","wix:video://v1/d7892a_9022c2ce1b99445cb6e97539dfa72116/pv.mp4#posterUri=d7892a_9022c2ce1b99445cb6e97539dfa72116f001.jpg&posterWidth=1082&posterHeight=608","33","wix:image://v1/d7892a_9a300cdd692a41e8bc0815f9913edf17~mv2.jpg/bg.jpg#originWidth=800&originHeight=800","2026-04-09T11:22:15Z","work-row-0046","2026-04-09T11:22:16Z","2026-05-09T18:14:20Z","user-0075","","true"
"WAVE (feat. Lily)","","105","wix:image://v1/e5a8e1_1c607f0c97d4450cbc24e299d36e922b~mv2.jpg/bg.jpg#originWidth=1400&originHeight=1400","2026-04-10T09:02:48Z","work-row-0047","2026-04-10T09:02:49Z","2026-05-09T18:16:05Z","user-0033","","true"
"日常と地球の額縁","","58","wix:image://v1/638afc_f90e65f489fd4b4c95893722cc50b04f~mv2.jpg/bg.jpg#originWidth=1500&originHeight=1500","2026-04-09T15:44:28Z","work-row-0048","2026-04-09T15:44:28Z","2026-04-25T04:24:34Z","user-0278","","true"
"Sort Jewel","wix:video://v1/aa2b05_da219c613fd44061a12214f9a9081b3c/bg.mp4#posterUri=aa2b05_da219c613fd44061a12214f9a9081b3cf001.jpg&posterWidth=1280&posterHeight=720","106","wix:image://v1/aa2b05_d7bfc5d402124fc9a525dccb7b60eabe~mv2.png/bg.png#originWidth=1920&originHeight=1920","2026-04-10T09:04:02Z","work-row-0049","2026-04-10T09:04:02Z","2026-05-09T16:52:42Z","user-0039","","true"
"SeventH-HeaveN 2020-2021","wix:video://v1/7b192a_f7e3d2184cc940d1b8bd90db6a0d198f/bg.mp4#posterUri=7b192a_f7e3d2184cc940d1b8bd90db6a0d198ff001.jpg&posterWidth=1920&posterHeight=1080","231","wix:image://v1/7b192a_77519bed47c04330b3f466444ffe17f9~mv2.jpg/bg.jpg#originWidth=1439&originHeight=1439","2026-04-22T08:49:41Z","work-row-0050","2026-04-22T08:49:42Z","2026-05-09T18:19:32Z","user-0196","","true"
"クローバー♣クラブ","wix:video://v1/b97564_ccd06d7197474dda83913d16465379e0/bg.mp4#posterUri=b97564_ccd06d7197474dda83913d16465379e0f001.jpg&posterWidth=600&posterHeight=600","52","wix:image://v1/b97564_860de417319b40f09b9c68809392cb55~mv2.png/bg.png#originWidth=256&originHeight=256","2026-04-09T15:10:02Z","work-row-0051","2026-04-09T15:10:04Z","2026-04-25T04:24:30Z","user-0011","","true"
"LiFE","","235","wix:image://v1/8267d8_9653c9b8d14046d19977a6a67518ff13~mv2.jpg/bg.jpg#originWidth=1400&originHeight=1400","2026-04-22T17:39:31Z","work-row-0052","2026-04-22T17:39:32Z","2026-04-22T17:39:36Z","user-0080","",""
"D/N/A","","4","wix:image://v1/71bb40_14f1162184f1449bbd39e6f94a37b2e9~mv2.png/bg.png#originWidth=800&originHeight=800","2026-04-09T04:49:31Z","work-row-0053","2026-04-09T04:49:32Z","2026-04-25T04:23:05Z","user-0013","","true"
"ヰヱロウ","","27","wix:image://v1/1d10fb_5336c420b35840fba615ac214b424013~mv2.jpg/bg.jpg#originWidth=960&originHeight=960","2026-04-09T07:38:25Z","work-row-0054","2026-04-09T07:38:26Z","2026-05-09T18:14:16Z","user-0107","","true"
"まだ、不定形","wix:video://v1/0c5bf9_577db6a6e90f4edca892e627181ef3f2/bg.mp4#posterUri=0c5bf9_577db6a6e90f4edca892e627181ef3f2f001.jpg&posterWidth=854&posterHeight=480","245","wix:image://v1/0c5bf9_d0f111a03f5f42fc880b19f0e274d9d9~mv2.png/bg.png#originWidth=3000&originHeight=3000","2026-04-26T05:30:03Z","work-row-0055","2026-04-26T05:30:04Z","2026-05-09T18:19:59Z","user-0151","","true"
"おうた・インザ・レイン (feat. 雨衣)","","223","wix:image://v1/6ae697_10843b545b4c44f9a75166d9bedf6871~mv2.jpg/bg.jpg#originWidth=1400&originHeight=1400","2026-04-21T05:01:47Z","work-row-0056","2026-04-21T05:01:47Z","2026-05-03T07:30:43Z","user-0148","","true"
"マジック・メイド","wix:video://v1/feb1b2_6dc95748890f4bf589651312a8906f9f/PV.mp4#posterUri=feb1b2_6dc95748890f4bf589651312a8906f9ff001.jpg&posterWidth=640&posterHeight=360","211","wix:image://v1/feb1b2_f60f515fa0d141ef9d4966973f93ea7a~mv2.jpg/bg.jpg#originWidth=1600&originHeight=1600","2026-04-18T19:11:58Z","work-row-0057","2026-04-18T19:11:59Z","2026-05-09T16:54:27Z","user-0089","","true"
"カラフルボイス","wix:video://v1/2f3700_868c4a4a7da9439bafd1d7ade7191cdd/bg.mp4#posterUri=2f3700_868c4a4a7da9439bafd1d7ade7191cddf001.jpg&posterWidth=1280&posterHeight=720","170","wix:image://v1/2f3700_bfc09533a0a94db9a99ad38ee53b1fcc~mv2.jpg/bg.jpg#originWidth=320&originHeight=240","2026-04-12T18:25:32Z","work-row-0058","2026-04-12T18:25:35Z","2026-04-25T04:30:37Z","user-0242","","true"
"お砂糖mogmog","","257","wix:image://v1/3927ac_d46483e436dc420492f1dcc3b35520e8~mv2.jpg/bg.jpg#originWidth=400&originHeight=400","2026-04-29T05:43:03Z","work-row-0059","2026-04-29T05:43:04Z","2026-05-09T18:20:21Z","user-0216","","true"
"インテグラル・ラボラトリ","","133","wix:image://v1/93cd6a_1ade3ecb038f40f59532d58b63edf476~mv2.jpg/bg.jpg#originWidth=1200&originHeight=1200","2026-04-10T19:50:11Z","work-row-0060","2026-04-10T19:50:11Z","2026-04-25T04:29:43Z","user-0287","","true"
"memeしい","wix:video://v1/525d5e_e69d5fac00284531ae629264173920bc/pv.mp4#posterUri=525d5e_e69d5fac00284531ae629264173920bcf001.jpg&posterWidth=1280&posterHeight=720","204","wix:image://v1/525d5e_2ed983b26aa8464a9089f0841cc3ad0b~mv2.jpg/bg.jpg#originWidth=640&originHeight=640","2026-04-17T12:12:23Z","work-row-0061","2026-04-17T12:12:24Z","2026-05-09T18:19:09Z","user-0220","","true"
"いますぐ輪廻","wix:video://v1/3f5d6e_aa7ed4658e1f47cbb176fee148352601/Video_1775993536858_291.mp4#posterUri=3f5d6e_aa7ed4658e1f47cbb176fee148352601f001.jpg&posterWidth=1280&posterHeight=720","162","wix:image://v1/3f5d6e_7c02ff6c709849b8a344dd496ae37738~mv2.jpg/1896063016.jpg#originWidth=1600&originHeight=1600","2026-04-12T11:52:15Z","work-row-0062","2026-04-12T11:52:16Z","2026-05-03T07:29:08Z","user-0086","","true"
"ジェーンは凍っていた","","165","wix:image://v1/b3942a_b6378c38655b480ea1f6285f145e0ef4~mv2.jpg/bg.jpg#originWidth=640&originHeight=640","2026-04-12T16:16:11Z","work-row-0063","2026-04-12T16:16:12Z","2026-04-26T04:52:58Z","user-0104","","true"
"Supernova","wix:video://v1/7f4080_21d0e6a5c7d445fd809fc7854d217319/bg.mp4#posterUri=7f4080_21d0e6a5c7d445fd809fc7854d217319f001.jpg&posterWidth=854&posterHeight=480","286","wix:image://v1/7f4080_4aad807c11934ac3aa58ac251c827b36~mv2.jpg/bg.jpg#originWidth=1400&originHeight=1400","2026-05-03T02:25:47Z","work-row-0064","2026-05-03T02:25:49Z","2026-05-09T18:21:34Z","user-0266","","true"
"蜘華室","wix:video://v1/e39c8a_cc82cbc6635b4e1681a87080a98687ef/bg.mp4#posterUri=e39c8a_cc82cbc6635b4e1681a87080a98687eff001.jpg&posterWidth=600&posterHeight=600","287","wix:image://v1/e39c8a_4ffd98cb4ad049beb8bfb2e4e840cd87~mv2.jpg/bg.jpg#originWidth=1280&originHeight=1280","2026-05-03T03:01:18Z","work-row-0065","2026-05-03T03:01:20Z","2026-05-03T03:01:39Z","user-0017","",""
"ボイドロイド","wix:video://v1/a57c7b_10700a6bca484de1b153483026c70284/bg.mp4#posterUri=a57c7b_10700a6bca484de1b153483026c70284f001.jpg&posterWidth=1920&posterHeight=1080","48","wix:image://v1/a57c7b_54ec1d8a968947c3a73333e8cd468f57~mv2.jpg/bg.jpg#originWidth=640&originHeight=640","2026-04-09T14:45:03Z","work-row-0066","2026-04-09T14:45:03Z","2026-05-09T18:14:40Z","user-0004","","true"
"Nostalogic","wix:video://v1/82b375_466b06e2b0b74835aa39e256880212d3/pv.mp4#posterUri=82b375_466b06e2b0b74835aa39e256880212d3f001.jpg&posterWidth=1280&posterHeight=720","183","wix:image://v1/82b375_d2f6d07d17fc46d1a8ee398d154574bd~mv2.png/bg.png#originWidth=740&originHeight=740","2026-04-13T12:56:20Z","work-row-0067","2026-04-13T12:56:22Z","2026-04-25T04:31:14Z","user-0133","","true"
"「化けの皮」","wix:video://v1/68e345_3d4266e7297b4c8895faec28ec0dcf1f/bg.mp4#posterUri=68e345_3d4266e7297b4c8895faec28ec0dcf1ff001.jpg&posterWidth=854&posterHeight=480","69","wix:image://v1/68e345_4075f9bdbe984fa98012673ff83bb4bb~mv2.png/bg.png#originWidth=1938&originHeight=1939","2026-04-09T16:49:53Z","work-row-0068","2026-04-09T16:49:54Z","2026-05-09T18:15:09Z","user-0152","","true"
"悪ノ召使","wix:video://v1/7ee0a7_c1de0ef9455644068aeeda30b9582689/bg.mp4#posterUri=7ee0a7_c1de0ef9455644068aeeda30b9582689f001.jpg&posterWidth=720&posterHeight=480","228","wix:image://v1/7ee0a7_c44bc910d1694e9a954188668ad153b2~mv2.jpg/bg.jpg#originWidth=300&originHeight=300","2026-04-21T22:06:51Z","work-row-0069","2026-04-21T22:06:52Z","2026-05-03T07:30:49Z","user-0115","","true"
"Freak Out Hr.","","282","wix:image://v1/f8b705_207ddc0f9f3a4be2b128fbe668f5f8bd~mv2.jpg/bg.jpg#originWidth=1500&originHeight=1500","2026-05-02T19:33:25Z","work-row-0070","2026-05-02T19:33:26Z","2026-05-09T16:56:49Z","user-0213","","true"
"武装乙女","wix:video://v1/27c661_d172434721d24424a287034f826cb755/bg.mp4#posterUri=27c661_d172434721d24424a287034f826cb755f001.jpg&posterWidth=752&posterHeight=1080","238","wix:image://v1/27c661_b8b9ff16b55a4283a677b9fffa0887bc~mv2.jpg/bg.jpg#originWidth=960&originHeight=960","2026-04-23T15:18:19Z","work-row-0071","2026-04-23T15:18:21Z","2026-05-09T16:55:08Z","user-0079","","true"
"ヒビカセ","","101","wix:image://v1/673828_9c5b40f6820b4384a5a8939909f43ee1~mv2.jpg/bg.jpg#originWidth=640&originHeight=640","2026-04-10T08:14:15Z","work-row-0072","2026-04-10T08:14:17Z","2026-05-09T18:15:59Z","user-0098","","true"
"フィクションです。","wix:video://v1/49394f_17605363dfb548bf9c28a9038e378c09/bg.mp4#posterUri=49394f_17605363dfb548bf9c28a9038e378c09f001.jpg&posterWidth=1280&posterHeight=720","277","wix:image://v1/49394f_1f24b629d969454ab4f39ede04f54fcb~mv2.jpg/bg.jpg#originWidth=1080&originHeight=1080","2026-05-02T17:16:14Z","work-row-0073","2026-05-02T17:16:15Z","2026-05-02T17:17:13Z","user-0129","",""
"ユーチューバー","wix:video://v1/305798_6c4b6e9e79554f6e9335d723d7399bf4/pv.mp4#posterUri=305798_6c4b6e9e79554f6e9335d723d7399bf4f001.jpg&posterWidth=480&posterHeight=480","85","wix:image://v1/305798_9bd50c1bd000436fa0f17d659bb27687~mv2.jpg/bg.jpg#originWidth=1600&originHeight=1600","2026-04-09T23:31:45Z","work-row-0074","2026-04-09T23:31:46Z","2026-05-09T16:52:31Z","user-0166","","true"
"ブレインロット","wix:video://v1/d183ab_cca8fe8a2f7541ecb18f034869ea2a7d/pv.mp4#posterUri=d183ab_cca8fe8a2f7541ecb18f034869ea2a7df001.jpg&posterWidth=960&posterHeight=960","84","wix:image://v1/d183ab_4fa1c56fabd64ab994a1a79aa980421a~mv2.jpg/bg.jpg#originWidth=500&originHeight=500","2026-04-09T23:11:41Z","work-row-0075","2026-04-09T23:11:42Z","2026-04-25T04:28:10Z","user-0084","","true"
"シェイク!!!","wix:video://v1/8a333c_63e658d24fdb49b9ace3f94a28c356fe/bg.mp4#posterUri=8a333c_63e658d24fdb49b9ace3f94a28c356fef001.jpg&posterWidth=852&posterHeight=480","280","wix:image://v1/8a333c_be3b1f8130b34c18858026ad2f89482c~mv2.jpg/bg.jpg#originWidth=960&originHeight=960","2026-05-02T18:09:56Z","work-row-0076","2026-05-02T18:09:57Z","2026-05-09T18:21:18Z","user-0181","","true"
"飢えた鳥たち","","150","wix:image://v1/1d4bd2_3c0ec2ad4d85493a805898fea3d72d85~mv2.jpg/bg.jpg#originWidth=960&originHeight=960","2026-04-11T18:22:25Z","work-row-0077","2026-04-11T18:22:27Z","2026-05-03T07:28:38Z","user-0288","","true"
"不死身ごっこ","wix:video://v1/7ed701_095c3a5bc7494f01adfdee68936015b1/bg.mp4#posterUri=7ed701_095c3a5bc7494f01adfdee68936015b1f001.jpg&posterWidth=852&posterHeight=480","210","wix:image://v1/7ed701_377ffe9e71f34b4ca3f6dbdf2bb3347a~mv2.jpg/bg.jpg#originWidth=800&originHeight=800","2026-04-18T17:03:56Z","work-row-0078","2026-04-18T17:03:56Z","2026-05-09T16:54:24Z","user-0126","","true"
"キーウィ","wix:video://v1/c0b445_b1fff08db943445e84f65d3a8d76c876/pv.mp4#posterUri=c0b445_b1fff08db943445e84f65d3a8d76c876f001.jpg&posterWidth=428&posterHeight=240","149","wix:image://v1/c0b445_f88581eee7db410784cc139bf6294c32~mv2.jpg/bg.jpg#originWidth=720&originHeight=450","2026-04-11T18:13:32Z","work-row-0079","2026-04-11T18:13:34Z","2026-04-25T04:29:52Z","user-0123","","true"
"我愛メイデン","","100","wix:image://v1/8a8778_e5e73bd1a1664fc1b7640d5e978b4b5c~mv2.jpg/bg.jpg#originWidth=535&originHeight=535","2026-04-10T06:57:40Z","work-row-0080","2026-04-10T06:57:41Z","2026-04-26T04:52:40Z","user-0168","","true"
"同归世界线","","9","wix:image://v1/24e165_f87b3ddebf9b4fa1b622a7cb07bbd5c4~mv2.jpg/bg.jpg#originWidth=2000&originHeight=2000","2026-04-09T05:02:13Z","work-row-0081","2026-04-09T05:02:13Z","2026-04-25T04:23:13Z","user-0159","","true"
"ULTRA ZUNDA 2077","wix:video://v1/4a40f5_c978d5a136274dfbaaf5c0eecb28793f/pv.mp4#posterUri=4a40f5_c978d5a136274dfbaaf5c0eecb28793ff001.jpg&posterWidth=854&posterHeight=480","171","wix:image://v1/4a40f5_dd00a61918a14a66b3906310b3b88b31~mv2.jpg/bg.jpg#originWidth=720&originHeight=720","2026-04-13T02:42:02Z","work-row-0082","2026-04-13T02:42:03Z","2026-04-25T04:31:04Z","user-0178","","true"
"めんどくさいモード","wix:video://v1/f5c2fe_8417a0bfe131441982bf4f2845201e30/bg.mp4#posterUri=f5c2fe_8417a0bfe131441982bf4f2845201e30f001.jpg&posterWidth=854&posterHeight=480","288","wix:image://v1/f5c2fe_39102897caec4a6ab00e159bf08a398f~mv2.png/bg.png#originWidth=900&originHeight=900","2026-05-03T03:18:15Z","work-row-0083","2026-05-03T03:18:16Z","2026-05-09T16:57:01Z","user-0088","","true"
"izanai","wix:video://v1/1610f4_6554143f117045ab9fb4d13bf4576559/bg.mp4#posterUri=1610f4_6554143f117045ab9fb4d13bf4576559f001.jpg&posterWidth=854&posterHeight=480","77","wix:image://v1/1610f4_d1bd2f77338c4d2c960feee6286e292a~mv2.jpg/bg.jpg#originWidth=960&originHeight=960","2026-04-09T17:51:01Z","work-row-0084","2026-04-09T17:51:02Z","2026-04-09T17:51:14Z","user-0072","",""
"emp","wix:video://v1/0c2f32_bc83617086254d239ba61e20ac93a54a/pv.mp4#posterUri=0c2f32_bc83617086254d239ba61e20ac93a54af001.jpg&posterWidth=854&posterHeight=480","41","wix:image://v1/0c2f32_fe492461ee3342dcb2795614c618ceee~mv2.jpg/bg.jpg#originWidth=500&originHeight=500","2026-04-09T13:40:11Z","work-row-0085","2026-04-09T13:40:12Z","2026-05-09T18:14:35Z","user-0200","","true"
"踊れオーケストラ","wix:video://v1/502a96_a788590f99024cba9bc595f6be2430ea/pv.mp4#posterUri=502a96_a788590f99024cba9bc595f6be2430eaf001.jpg&posterWidth=1280&posterHeight=720","123","wix:image://v1/502a96_9b90d970f3494277a9ed474237d7b07e~mv2.png/bg.png#originWidth=1080&originHeight=1080","2026-04-10T16:33:57Z","work-row-0086","2026-04-10T16:33:59Z","2026-05-09T18:16:39Z","user-0052","","true"
"●◎","","57","wix:image://v1/db2420_8141e76749ed4f8990af6f27aa0aca34~mv2.jpg/bg.jpg#originWidth=1419&originHeight=1419","2026-04-09T15:42:55Z","work-row-0087","2026-04-09T15:42:55Z","2026-04-26T04:52:31Z","user-0280","","true"
"黄色发给我","wix:video://v1/c94181_d73ab8bf6916432a9a6c723851b296aa/pv.mp4#posterUri=c94181_d73ab8bf6916432a9a6c723851b296aaf001.jpg&posterWidth=1920&posterHeight=1080","97","wix:image://v1/c94181_29b1bb32bab443c6a657f48d711c51fb~mv2.jpg/bg.jpg#originWidth=1080&originHeight=810","2026-04-10T05:44:17Z","work-row-0088","2026-04-10T05:44:18Z","2026-05-03T07:27:28Z","user-0210","","true"
"幽靈病","","239","wix:image://v1/aab94d_c31a1f71e2134e3091a1413f8d979b27~mv2.jpg/bg.jpg#originWidth=1440&originHeight=1440","2026-04-23T15:46:49Z","work-row-0089","2026-04-23T15:46:50Z","2026-05-09T16:55:13Z","user-0139","","true"
"Together, Make The Magic!","wix:video://v1/3ec6cc_410aa1b88ba947e498cac6ec178a2119/pv.mp4#posterUri=3ec6cc_410aa1b88ba947e498cac6ec178a2119f001.jpg&posterWidth=512&posterHeight=512","147","wix:image://v1/3ec6cc_e372f6aa45d3490a9daaee22eb249d35~mv2.png/bg.png#originWidth=720&originHeight=720","2026-04-11T17:43:00Z","work-row-0090","2026-04-11T17:43:01Z","2026-05-09T16:53:29Z","user-0108","","true"
"生きる","wix:video://v1/a2d146_6a39b4187bb14ec7a3c36a0a083a0ae9/pv.mp4#posterUri=a2d146_6a39b4187bb14ec7a3c36a0a083a0ae9f001.jpg&posterWidth=1080&posterHeight=1080","5","wix:image://v1/a2d146_7eb31d9a135644c391989d9aefb5a817~mv2.jpg/bg.jpg#originWidth=1600&originHeight=1600","2026-04-09T04:49:59Z","work-row-0091","2026-04-09T04:50:01Z","2026-04-25T04:23:06Z","user-0251","","true"
"砂糖陰謀論 ~Sugar Conspiracy Theory~","","175","wix:image://v1/9f4880_293261dbf11c49a7b4356046fc419187~mv2.jpg/bg.jpg#originWidth=225&originHeight=225","2026-04-13T05:41:38Z","work-row-0092","2026-04-13T05:41:41Z","2026-05-03T07:29:21Z","user-0203","","true"
"チェリーポップ","","59","wix:image://v1/309a23_338d347d8deb4b269317395905ddeaf5~mv2.jpg/bg.jpg#originWidth=500&originHeight=500","2026-04-09T15:46:58Z","work-row-0093","2026-04-09T15:46:58Z","2026-04-25T04:25:33Z","user-0158","","true"
"Undo","wix:video://v1/eb1ea9_48cdad02d105436d94cb76fa7b4b910a/pv.mp4#posterUri=eb1ea9_48cdad02d105436d94cb76fa7b4b910af001.jpg&posterWidth=852&posterHeight=480","40","wix:image://v1/eb1ea9_2e48b9bc0e774ff59d782075c2e2fa9a~mv2.jpg/bg.jpg#originWidth=1365&originHeight=767","2026-04-09T13:20:10Z","work-row-0094","2026-04-09T13:20:11Z","2026-05-09T18:14:31Z","user-0010","","true"
"Last Resort","","190","wix:image://v1/c5b537_c539be0c743e47e5810721ee27c8a9f1~mv2.jpg/bg.jpg#originWidth=1900&originHeight=1900","2026-04-14T13:59:32Z","work-row-0095","2026-04-14T13:59:33Z","2026-05-03T07:29:39Z","user-0258","","true"
"スマート","wix:video://v1/65a3aa_0b8b3b96da794b3888fc5cfb7c628a70/pv.mp4#posterUri=65a3aa_0b8b3b96da794b3888fc5cfb7c628a70f001.jpg&posterWidth=1082&posterHeight=608","16","wix:image://v1/65a3aa_981021c8f7944b22a612a4cca15a7083~mv2.jpg/bg.jpg#originWidth=500&originHeight=500","2026-04-09T05:26:31Z","work-row-0096","2026-04-09T05:26:32Z","2026-05-09T18:14:06Z","user-0058","","true"
"バリアー","","251","wix:image://v1/a722f2_cbb1911fa5204bd9915188f6aa75a3c0~mv2.png/bg.png#originWidth=800&originHeight=800","2026-04-26T16:48:47Z","work-row-0097","2026-04-26T16:48:49Z","2026-05-03T07:31:23Z","user-0229","","true"
"蓮華","","185","wix:image://v1/516dbb_f4d1b315ed8d4fc3a3cc0cac63e43aa4~mv2.png/bg.png#originWidth=1015&originHeight=1015","2026-04-13T16:56:34Z","work-row-0098","2026-04-13T16:56:35Z","2026-05-09T18:18:23Z","user-0044","","true"
"【初音ミク】削去、","wix:video://v1/5dae5c_cd4f3d72605f46dbb4d1bfdeb1caf2f9/bg.mp4#posterUri=5dae5c_cd4f3d72605f46dbb4d1bfdeb1caf2f9f001.jpg&posterWidth=1280&posterHeight=720","22","wix:image://v1/5dae5c_ab2e10b5311a489f9bc56a8e8d43be61~mv2.jpg/bg.jpg#originWidth=1036&originHeight=647","2026-04-09T06:08:15Z","work-row-0099","2026-04-09T06:08:16Z","2026-05-03T07:25:34Z","user-0162","","true"
"脳内革命ガール","","136","wix:image://v1/b258af_b18b5352dc5b48d0814f1ed4db380347~mv2.png/bg.png#originWidth=1080&originHeight=1080","2026-04-11T11:26:19Z","work-row-0100","2026-04-11T11:26:20Z","2026-05-09T18:17:01Z","user-0265","","true"
"Deeds, not Words!!","wix:video://v1/8a5b36_c47a0e5630db4be5b803d945f0b7a4e5/bg.mp4#posterUri=8a5b36_c47a0e5630db4be5b803d945f0b7a4e5f001.jpg&posterWidth=854&posterHeight=480","125","wix:image://v1/8a5b36_ff80e30076d8487b8d86292cb03bbae6~mv2.jpg/bg.jpg#originWidth=1600&originHeight=1600","2026-04-10T16:56:08Z","work-row-0101","2026-04-10T16:56:09Z","2026-05-09T18:16:43Z","user-0020","","true"
"恋は戦争","","203","wix:image://v1/40fbdb_1c6df963b7dc43419219cb3f88096ef0~mv2.png/bg.png#originWidth=736&originHeight=736","2026-04-17T11:45:24Z","work-row-0102","2026-04-17T11:45:25Z","2026-05-03T15:46:11Z","user-0264","","true"
"どりーみんチュチュ","","42","wix:image://v1/5a23e9_21464491a5ee4e0397d8f347e9b7cdaf~mv2.jpg/bg.jpg#originWidth=1280&originHeight=1280","2026-04-09T14:13:28Z","work-row-0103","2026-04-09T14:13:29Z","2026-05-09T18:14:37Z","user-0231","","true"
"心の记忆","","127","wix:image://v1/74b47d_57c9e68707484546828ed332699924d1~mv2.jpg/bg.jpg#originWidth=640&originHeight=640","2026-04-10T17:19:13Z","work-row-0104","2026-04-10T17:19:13Z","2026-04-26T04:52:45Z","user-0035","","true"
"What's up Pop!","","159","wix:image://v1/492676_9d026cefca4a4bc38eeca7748df3fd21~mv2.png/bg.png#originWidth=800&originHeight=800","2026-04-12T08:04:01Z","work-row-0105","2026-04-12T08:04:03Z","2026-05-09T16:54:02Z","user-0082","","true"
"メリーバッドエンド","wix:video://v1/cc50bd_f5474e39c8494d79b73d37e9eb3eb2f7/bg.mp4#posterUri=cc50bd_f5474e39c8494d79b73d37e9eb3eb2f7f001.jpg&posterWidth=852&posterHeight=480","201","wix:image://v1/cc50bd_2b6a54439cb04a80b71a2098151e591e~mv2.jpg/bg.jpg#originWidth=670&originHeight=671","2026-04-17T10:01:54Z","work-row-0106","2026-04-17T10:01:55Z","2026-05-09T18:18:52Z","user-0076","","true"
"命に嫌われている","wix:video://v1/d4747a_af0f69a2dd8149daba3abf6fca29dce6/pv.mov#posterUri=d4747a_af0f69a2dd8149daba3abf6fca29dce6f001.jpg&posterWidth=480&posterHeight=524","209","wix:image://v1/d4747a_b9a483aab9e049f294bf8808dc7a65b0~mv2.png/8E95826DDEEF40B2EE1DF5255F4C6969.png#originWidth=400&originHeight=400","2026-04-18T17:03:41Z","work-row-0107","2026-04-18T17:03:43Z","2026-04-25T04:32:20Z","user-0289","","true"
"花を唄う","wix:video://v1/50769f_1c21a839b0d94a23b570351634fef3a1/pv.mp4#posterUri=50769f_1c21a839b0d94a23b570351634fef3a1f001.jpg&posterWidth=1282&posterHeight=720","255","wix:image://v1/50769f_ae29b4f695a745d3a60aa0ee725de93e~mv2.jpg/bg.jpg#originWidth=720&originHeight=720","2026-04-29T00:29:16Z","work-row-0108","2026-04-29T00:29:17Z","2026-05-09T16:56:10Z","user-0045","","true"
"なな","wix:video://v1/ac4039_edf4c1420a244949868c6fddf6293e49/pv.mp4#posterUri=ac4039_edf4c1420a244949868c6fddf6293e49f001.jpg&posterWidth=1280&posterHeight=720","177","wix:image://v1/ac4039_b6d2ccb7c1f44aca989015b1740f9f78~mv2.png/bg.png#originWidth=1137&originHeight=1141","2026-04-13T06:26:53Z","work-row-0109","2026-04-13T06:26:55Z","2026-04-25T04:31:09Z","user-0290","","true"
"Deeds, not words!!","","56","wix:image://v1/79ac5b_f6a4c6a47b354213843da26367945cab~mv2.jpg/bg.jpg#originWidth=500&originHeight=500","2026-04-09T15:42:43Z","work-row-0110","2026-04-09T15:42:43Z","2026-05-09T18:14:54Z","user-0099","","true"
"抑止力","wix:video://v1/2a24c6_709d4dcbe9f84c209ede847fa779aacf/pv.mp4#posterUri=2a24c6_709d4dcbe9f84c209ede847fa779aacff001.jpg&posterWidth=854&posterHeight=480","1","wix:image://v1/2a24c6_30fd3ff151874e2b9cdddb49a6d698f3~mv2.png/bg.png#originWidth=734&originHeight=734","2026-04-09T04:33:54Z","work-row-0111","2026-04-09T04:33:55Z","2026-05-09T18:13:47Z","user-0085","","true"
"なんかいい場所","wix:video://v1/b47966_a737dd9d16df43d392a690d0f555a032/bg.mp4#posterUri=b47966_a737dd9d16df43d392a690d0f555a032f001.jpg&posterWidth=640&posterHeight=480","122","wix:image://v1/b47966_0bb59c2eda19434ba5b217af6fe23006~mv2.jpg/bg.jpg#originWidth=1600&originHeight=1600","2026-04-10T16:29:51Z","work-row-0112","2026-04-10T16:29:51Z","2026-05-03T15:45:38Z","user-0049","","true"
"炉心融解","","230","wix:image://v1/8f1e08_b665ffb2d5d0419180aced5eceffa53f~mv2.png/bg.png#originWidth=1280&originHeight=1280","2026-04-22T05:00:36Z","work-row-0113","2026-04-22T05:00:37Z","2026-05-03T07:30:57Z","user-0262","","true"
"アイ","wix:video://v1/e75c68_7b4402eff925462c8ea2480dd9adf45e/bg.mp4#posterUri=e75c68_7b4402eff925462c8ea2480dd9adf45ef001.jpg&posterWidth=1280&posterHeight=720","202","wix:image://v1/e75c68_00906161956e4a70a6377220f7bc50c5~mv2.jpg/bg.jpg#originWidth=1080&originHeight=1080","2026-04-17T11:15:14Z","work-row-0114","2026-04-17T11:15:15Z","2026-05-09T18:18:54Z","user-0164","","true"
"かなしばりに遭ったら","wix:video://v1/d9df4b_923a18e7ef224408807836becae1c368/bg.mp4#posterUri=d9df4b_923a18e7ef224408807836becae1c368f001.jpg&posterWidth=900&posterHeight=900","76","wix:image://v1/d9df4b_cb62dcaa485941a79b2d1a2a7a4e1b88~mv2.jpg/bg.jpg#originWidth=500&originHeight=500","2026-04-09T17:38:29Z","work-row-0115","2026-04-09T17:38:30Z","2026-05-09T16:52:23Z","user-0005","","true"
"ムシカエスパーニャ","wix:video://v1/c18ac1_7dac904cc2ae4199a04705a98754b3c9/bg.mp4#posterUri=c18ac1_7dac904cc2ae4199a04705a98754b3c9f001.jpg&posterWidth=854&posterHeight=480","102","wix:image://v1/c18ac1_803384b1917f4f2faa53ca5f68efd020~mv2.png/bg.png#originWidth=2560&originHeight=2560","2026-04-10T08:17:32Z","work-row-0116","2026-04-10T08:17:32Z","2026-05-09T18:16:00Z","user-0241","","true"
"リアライズ","wix:video://v1/b06b4f_91f4d96b0cba4855bdc81d25e25e24a0/pv.mp4#posterUri=b06b4f_91f4d96b0cba4855bdc81d25e25e24a0f001.jpg&posterWidth=854&posterHeight=480","154","wix:image://v1/b06b4f_4c9b64e92af84af4b947e1a398161a3c~mv2.jpg/bg.jpg#originWidth=1000&originHeight=1000","2026-04-12T02:20:45Z","work-row-0117","2026-04-12T02:20:46Z","2026-05-09T18:17:32Z","user-0161","","true"
"Sing for Lights","","92","wix:image://v1/ad5117_849c8caaa55846a7a262217c0b122fc2~mv2.jpg/bg.jpg#originWidth=640&originHeight=640","2026-04-10T04:43:40Z","work-row-0118","2026-04-10T04:43:41Z","2026-05-03T07:27:16Z","user-0071","","true"
"ラッキー☆オーブ","wix:video://v1/b566f6_6eb7258013544943835e207f256e92d5/bg.mp4#posterUri=b566f6_6eb7258013544943835e207f256e92d5f001.jpg&posterWidth=1280&posterHeight=720","219","wix:image://v1/b566f6_0560d79416e44f4a9846381ecbbbda84~mv2.jpg/bg.jpg#originWidth=1200&originHeight=1200","2026-04-19T16:58:02Z","work-row-0119","2026-04-19T16:58:03Z","2026-05-09T18:19:17Z","user-0065","","true"
"月が綺麗ねと言われたい！","","134","wix:image://v1/6e625b_52e77efe0e4c42d4ae7a29164c7822ee~mv2.jpg/bg.jpg#originWidth=500&originHeight=500","2026-04-11T03:44:38Z","work-row-0120","2026-04-11T03:44:39Z","2026-04-26T04:52:55Z","user-0195","","true"
"かなしばりに遭ったら","wix:video://v1/7f7e91_3a978c3d56074b288381542c54358158/pv.mp4#posterUri=7f7e91_3a978c3d56074b288381542c54358158f001.jpg&posterWidth=852&posterHeight=480","169","wix:image://v1/7f7e91_c91c8fb74fe04294aeba90d4890c9c81~mv2.jpg/bg.jpg#originWidth=177&originHeight=177","2026-04-12T17:54:03Z","work-row-0121","2026-04-12T17:54:04Z","2026-04-25T04:41:23Z","user-0250","","true"
"Empurple","","164","wix:image://v1/0a5b2a_3eb74e3766804af1aa87bd4ffd63aced~mv2.jpg/bg.jpg#originWidth=500&originHeight=500","2026-04-12T16:06:56Z","work-row-0122","2026-04-12T16:06:57Z","2026-05-09T18:17:38Z","user-0194","","true"
"言ノ葉遊戯","wix:video://v1/ec917f_029ae4e5e6b74ce8b542424c85b5f1a3/pv.mp4#posterUri=ec917f_029ae4e5e6b74ce8b542424c85b5f1a3f001.jpg&posterWidth=300&posterHeight=300","10","wix:image://v1/ec917f_3e88b7e2f27f44dda8f6fc9e965dfc56~mv2.jpg/bg.jpg#originWidth=1000&originHeight=1000","2026-04-09T05:05:30Z","work-row-0123","2026-04-09T05:05:30Z","2026-05-09T18:13:55Z","user-0096","","true"
"ルマ","wix:video://v1/4b1491_5d34ec8ca5184904a280333649cd54ae/bg.mp4#posterUri=4b1491_5d34ec8ca5184904a280333649cd54aef001.jpg&posterWidth=854&posterHeight=480","214","wix:image://v1/4b1491_33f1a442f7f2491589eb91608f47db62~mv2.jpg/bg.jpg#originWidth=500&originHeight=500","2026-04-19T08:37:07Z","work-row-0124","2026-04-19T08:37:08Z","2026-05-03T07:30:22Z","user-0032","","true"
"クルーエルエージェント","wix:video://v1/37cd51_c67e1a88311b4cf492ce0432c166d842/bg.mp4#posterUri=37cd51_c67e1a88311b4cf492ce0432c166d842f001.jpg&posterWidth=1920&posterHeight=1080","51","wix:image://v1/37cd51_9dc0266028ab4ece91b29c28f85f1628~mv2.png/bg.png#originWidth=1280&originHeight=1280","2026-04-09T15:04:18Z","work-row-0125","2026-04-09T15:04:18Z","2026-05-09T18:14:48Z","user-0091","","true"
"風","wix:video://v1/4b8c02_746d67edc3b341148f58e56c6a6cd7c6/bg.mp4#posterUri=4b8c02_746d67edc3b341148f58e56c6a6cd7c6f001.jpg&posterWidth=854&posterHeight=480","254","wix:image://v1/4b8c02_8f36c68542ea4732af51f06195b2892c~mv2.jpeg/IMG_1278.jpeg#originWidth=2400&originHeight=2400","2026-04-28T22:26:33Z","work-row-0126","2026-04-28T22:26:34Z","2026-05-03T07:31:26Z","user-0029","","true"
"ジェヘナ","","272","wix:image://v1/2a698b_8843fba823e0499fab0a78176669324c~mv2.png/bg.png#originWidth=400&originHeight=400","2026-05-02T15:09:10Z","work-row-0127","2026-05-02T15:09:12Z","2026-05-09T18:21:00Z","user-0179","","true"
"月が綺麗ねと言われたい！","","155","wix:image://v1/ea5e3a_586d4b1fd24043ae94216483a7b5b47f~mv2.jpg/bg.jpg#originWidth=1041&originHeight=1041","2026-04-12T02:25:58Z","work-row-0128","2026-04-12T02:25:59Z","2026-04-25T04:29:58Z","user-0070","","true"
"シンギュラリラリ","wix:video://v1/982e51_73c964fdaadf4b579de4d0d02d79770b/bg.mp4#posterUri=982e51_73c964fdaadf4b579de4d0d02d79770bf001.jpg&posterWidth=854&posterHeight=480","232","wix:image://v1/982e51_7cc6b0b565654175ab75ccb893cb3ea0~mv2.jpg/bg.jpg#originWidth=500&originHeight=500","2026-04-22T11:22:13Z","work-row-0129","2026-04-22T11:22:15Z","2026-05-03T07:31:03Z","user-0277","","true"
"碧落","wix:video://v1/4a8f7a_fcedde96a0e8415fb46edb581dde127e/bg.mp4#posterUri=4a8f7a_fcedde96a0e8415fb46edb581dde127ef001.jpg&posterWidth=852&posterHeight=480","279","wix:image://v1/4a8f7a_d07f59796c094a00bf24e801cbd5dd2d~mv2.jpg/bg.jpg#originWidth=512&originHeight=512","2026-05-02T17:59:56Z","work-row-0130","2026-05-02T18:00:03Z","2026-05-09T18:21:16Z","user-0223","","true"
"オノマトペメガネ","","26","wix:image://v1/6a1935_892db480e0234a118aeec21f0aa8ad6c~mv2.jpg/bg.jpg#originWidth=600&originHeight=600","2026-04-09T06:53:39Z","work-row-0131","2026-04-09T06:53:41Z","2026-05-09T18:14:13Z","user-0177","","true"
"エンパープル","wix:video://v1/7c8eca_3dba449b910c4b4c909bda99afa3bc36/bg.mp4#posterUri=7c8eca_3dba449b910c4b4c909bda99afa3bc36f001.jpg&posterWidth=1280&posterHeight=720","271","wix:image://v1/7c8eca_2e08063fcb754034aec53d35fecfa78e~mv2.jpg/bg.jpg#originWidth=2500&originHeight=2500","2026-05-02T13:46:22Z","work-row-0132","2026-05-02T13:46:23Z","2026-05-09T18:20:53Z","user-0172","","true"
"Ray","","168","wix:image://v1/d90452_253cc047d0cb42ee9abf2e6e52972612~mv2.jpg/bg.jpg#originWidth=640&originHeight=640","2026-04-12T17:30:22Z","work-row-0133","2026-04-12T17:30:22Z","2026-05-03T07:29:13Z","user-0092","","true"
"ブレインロット/BrainRot","wix:video://v1/8eeb9b_f8ad323b63ea4c02931052a9226dbc92/pv.mp4#posterUri=8eeb9b_f8ad323b63ea4c02931052a9226dbc92f001.jpg&posterWidth=1920&posterHeight=1080","44","wix:image://v1/8eeb9b_bc72170551d84c09b22fb91481531996~mv2.png/bg.png#originWidth=1000&originHeight=1000","2026-04-09T14:20:17Z","work-row-0134","2026-04-09T14:20:18Z","2026-05-03T07:25:51Z","user-0173","","true"
"えれくとりっく・えんじぇぅ","","65","wix:image://v1/c64cbf_cbe12d4d46cc4940afd1d95f1020a59f~mv2.jpg/bg.jpg#originWidth=614&originHeight=614","2026-04-09T16:13:16Z","work-row-0135","2026-04-09T16:13:17Z","2026-05-03T07:26:31Z","user-0102","","true"
"ファンタズマ","wix:video://v1/b20c9b_1e600daa5384407c974ffe80fa7ed5f2/pv.mp4#posterUri=b20c9b_1e600daa5384407c974ffe80fa7ed5f2f001.jpg&posterWidth=854&posterHeight=480","294","wix:image://v1/b20c9b_2339c13eeaa442e889bfb4af505549a6~mv2.jpg/bg.jpg#originWidth=786&originHeight=710","2026-05-03T04:39:38Z","work-row-0136","2026-05-03T04:39:39Z","2026-05-09T18:21:36Z","user-0095","","true"
"フューチャー・イヴ","wix:video://v1/cfbbfa_7b4612c5d5914acd837d064758b90d98/pv.mp4#posterUri=cfbbfa_7b4612c5d5914acd837d064758b90d98f001.jpg&posterWidth=1080&posterHeight=1080","135","wix:image://v1/cfbbfa_6c71287d527d4b039315a686ba36cb62~mv2.jpg/bg.jpg#originWidth=1080&originHeight=1080","2026-04-11T08:12:13Z","work-row-0137","2026-04-11T08:12:14Z","2026-05-09T18:16:57Z","user-0128","","true"
"Brain Rot","wix:video://v1/098a10_b0539d2fb63e4d29853c81faaa5e9743/bg.mp4#posterUri=098a10_b0539d2fb63e4d29853c81faaa5e9743f001.jpg&posterWidth=1280&posterHeight=720","138","wix:image://v1/098a10_bb7ff2510f9b45668f22e2fe6835ca88~mv2.jpg/bg.jpg#originWidth=512&originHeight=512","2026-04-11T13:30:00Z","work-row-0138","2026-04-11T13:30:01Z","2026-05-09T18:17:03Z","user-0244","","true"
"他人事の音がする","","96","wix:image://v1/ba03f1_527211aaa10047b68b58e190f3f52e8e~mv2.png/bg.png#originWidth=690&originHeight=690","2026-04-10T05:28:05Z","work-row-0139","2026-04-10T05:28:07Z","2026-05-09T16:52:39Z","user-0094","","true"
"合わない","","244","wix:image://v1/bb3cdb_16cba32568914ecdb18df86e3eef975c~mv2.jpg/bg.jpg#originWidth=500&originHeight=500","2026-04-26T05:08:01Z","work-row-0140","2026-04-26T05:08:02Z","2026-05-09T18:19:56Z","user-0009","","true"
"INDETERMINATE UNIVERSE","wix:video://v1/df6d12_e35e811e52c248d8ad18f23ab1bcebe7/pv.mp4#posterUri=df6d12_e35e811e52c248d8ad18f23ab1bcebe7f001.jpg&posterWidth=1920&posterHeight=1080","265","wix:image://v1/df6d12_f55b5b6b944d4d1498b4bbb2c56e9823~mv2.jpg/bg.jpg#originWidth=1600&originHeight=1600","2026-04-30T16:00:55Z","work-row-0141","2026-04-30T16:01:03Z","2026-05-09T18:20:48Z","user-0141","","true"
"元　寇　で　す　☆　","wix:video://v1/e9e10c_d650fc9d820a4328b7ff382125c268f7/pv.mp4#posterUri=e9e10c_d650fc9d820a4328b7ff382125c268f7f001.jpg&posterWidth=1280&posterHeight=720","114","wix:image://v1/e9e10c_9f337932de814a8381572b149ff3133b~mv2.jpg/bg.jpg#originWidth=720&originHeight=720","2026-04-10T12:36:34Z","work-row-0142","2026-04-10T12:36:35Z","2026-05-09T16:52:48Z","user-0140","","true"
"混沌ブギ","wix:video://v1/67d937_b732d4613a254d3786c51260d16a3804/pv.mp4#posterUri=67d937_b732d4613a254d3786c51260d16a3804f001.jpg&posterWidth=1080&posterHeight=1080","126","wix:image://v1/67d937_d0586391b16a461a9c7754e0502afef2~mv2.jpg/bg.jpg#originWidth=1512&originHeight=1512","2026-04-10T17:16:25Z","work-row-0143","2026-04-10T17:16:26Z","2026-05-03T15:45:48Z","user-0234","","true"
"きみとなる","wix:video://v1/abc3c4_7c5d3afb8ef04500833aba325674ef36/pv.mp4#posterUri=abc3c4_7c5d3afb8ef04500833aba325674ef36f001.jpg&posterWidth=848&posterHeight=360","213","wix:image://v1/abc3c4_70e977dace874f00bbfecc8e55048843~mv2.jpg/bg.jpg#originWidth=640&originHeight=640","2026-04-19T07:10:15Z","work-row-0144","2026-04-19T07:10:16Z","2026-05-03T07:30:21Z","user-0291","","true"
"林檎と柘榴","wix:video://v1/c1b521_a437c3a5d19842988a4274b32375ed69/bg.mp4#posterUri=c1b521_a437c3a5d19842988a4274b32375ed69f001.jpg&posterWidth=1920&posterHeight=1080","264","wix:image://v1/c1b521_1077a1fac6b14aaa93ed25b2b83597b0~mv2.png/bg.png#originWidth=500&originHeight=500","2026-04-30T16:00:25Z","work-row-0145","2026-04-30T16:00:26Z","2026-05-09T18:20:44Z","user-0050","","true"
"wonderland19","","32","wix:image://v1/f00025_7cde40c5f8fe4a19a0088e7f7f55cfa1~mv2.jpg/bg.jpg#originWidth=720&originHeight=720","2026-04-09T11:13:26Z","work-row-0146","2026-04-09T11:13:27Z","2026-05-03T07:25:43Z","user-0077","","true"
"Placebo♥Battler","","146","wix:image://v1/19839d_fdd6f1049ea34cefbf55b563842f9eee~mv2.jpg/bg.JPG#originWidth=1069&originHeight=1069","2026-04-11T17:34:49Z","work-row-0147","2026-04-11T17:34:50Z","2026-05-09T16:53:23Z","user-0138","","true"
"ウニクラゲ","","103","wix:image://v1/718c83_db55569f3ab54beca7b812fa0acd50c0~mv2.jpg/bg.jpg#originWidth=358&originHeight=358","2026-04-10T08:35:29Z","work-row-0148","2026-04-10T08:35:31Z","2026-04-25T04:28:57Z","user-0292","","true"
"Viola Illyria","","46","wix:image://v1/d35cf2_bab1f75fd09c4871a684bf48667c868a~mv2.jpg/bg.jpg#originWidth=800&originHeight=800","2026-04-09T14:38:08Z","work-row-0149","2026-04-09T14:38:08Z","2026-05-03T07:26:06Z","user-0038","","true"
"4nim0sity 99.999999999%","","87","wix:image://v1/93ac1b_0a49443103874dc08a3f1a9c25e8282c~mv2.jpg/bg.jpg#originWidth=1600&originHeight=1600","2026-04-10T03:19:36Z","work-row-0150","2026-04-10T03:19:37Z","2026-05-09T18:15:45Z","user-0142","","true"
"ODDS&ENDS","wix:video://v1/40818a_931f41ae5284460faf1479ebcf9fdd98/bg.mp4#posterUri=40818a_931f41ae5284460faf1479ebcf9fdd98f001.jpg&posterWidth=854&posterHeight=480","222","wix:image://v1/40818a_0a9eef0c8c2b42168a24f0f757808d80~mv2.jpg/bg.jpg#originWidth=2344&originHeight=2344","2026-04-20T15:38:37Z","work-row-0151","2026-04-20T15:38:37Z","2026-04-20T15:38:43Z","user-0233","",""
"寓言预见遇见你的那刻","wix:video://v1/485e03_e6f200ef2e2f40eeb76fdde381bb4a77/pv.mp4#posterUri=485e03_e6f200ef2e2f40eeb76fdde381bb4a77f001.jpg&posterWidth=1920&posterHeight=1080","151","wix:image://v1/485e03_1dd3cbb7b79141f9925a00b86facb29e~mv2.jpg/bg.jpg#originWidth=1554&originHeight=1554","2026-04-11T18:43:54Z","work-row-0152","2026-04-11T18:43:55Z","2026-05-09T18:17:31Z","user-0025","","true"
"ファシネイター","","141","wix:image://v1/cf7fe7_f30a26d1b23c4fdc94c0a1f25dad63fb~mv2.jpg/bg.jpg#originWidth=1280&originHeight=720","2026-04-11T14:11:13Z","work-row-0153","2026-04-11T14:11:14Z","2026-05-09T18:17:16Z","user-0016","","true"
"QNQNしたい","","196","wix:image://v1/1a54fb_892255546bc94e089a655250c91811bb~mv2.jpg/bg.jpg#originWidth=600&originHeight=600","2026-04-17T07:44:07Z","work-row-0154","2026-04-17T07:44:08Z","2026-05-03T07:29:47Z","user-0293","","true"
"レーテー","wix:video://v1/9ec672_37c8feff84184dab9ef3a83d634b83db/bg.mp4#posterUri=9ec672_37c8feff84184dab9ef3a83d634b83dbf001.jpg&posterWidth=854&posterHeight=480","184","wix:image://v1/9ec672_c0889486d7044fdf8c4f7b080b2c7b51~mv2.jpg/bg.jpg#originWidth=2160&originHeight=2160","2026-04-13T15:56:56Z","work-row-0155","2026-04-13T15:56:57Z","2026-04-13T15:57:02Z","user-0189","",""
"フィクションです。","","197","wix:image://v1/bd9fbb_98d99443fe224fab986618eb89b67821~mv2.jpg/bg.jpg#originWidth=1080&originHeight=1080","2026-04-17T08:08:55Z","work-row-0156","2026-04-17T08:08:56Z","2026-05-09T18:26:48Z","user-0224","","true"
"とうほう☆ワンダーランド feat.初音ミク × 鏡音リン × 鏡音レン × KAITO","wix:video://v1/9797b5_5463c6360c5f4e1aaa8b0b73bfea42e6/pv.mp4#posterUri=9797b5_5463c6360c5f4e1aaa8b0b73bfea42e6f001.jpg&posterWidth=1276&posterHeight=718","176","wix:image://v1/9797b5_8e52c50b6dd642f78c5930cdb4be2ee3~mv2.jpg/bg.jpg#originWidth=640&originHeight=640","2026-04-13T06:18:08Z","work-row-0157","2026-04-13T06:18:09Z","2026-04-13T06:18:17Z","user-0026","",""
"Makeup","wix:video://v1/da3653_c828297343ea4a0390ea5f763dc0182a/bg.mp4#posterUri=da3653_c828297343ea4a0390ea5f763dc0182af001.jpg&posterWidth=1920&posterHeight=1080","281","wix:image://v1/da3653_4d665238be644c8cb21e838588e44713~mv2.jpg/bg.jpg#originWidth=500&originHeight=500","2026-05-02T19:12:56Z","work-row-0158","2026-05-02T19:12:57Z","2026-05-09T16:56:48Z","user-0230","","true"
"ドゥーマー","","50","wix:image://v1/3bf94c_e8f578c72473482d96b9edf8f4e1ce84~mv2.png/bg.png#originWidth=1280&originHeight=1280","2026-04-09T14:59:57Z","work-row-0159","2026-04-09T14:59:58Z","2026-05-03T07:26:08Z","user-0046","","true"
"Brand New Day","","121","wix:image://v1/89cfab_c6568d1dc55f449a90e333f5569abf7c~mv2.jpg/bg.jpg#originWidth=740&originHeight=740","2026-04-10T16:29:40Z","work-row-0160","2026-04-10T16:29:41Z","2026-05-09T18:16:37Z","user-0254","","true"
"不死身ごっこ","wix:video://v1/82bd08_739f0d9855b74a2981b0a67b4ba7a2ec/pv.mp4#posterUri=82bd08_739f0d9855b74a2981b0a67b4ba7a2ecf001.jpg&posterWidth=852&posterHeight=480","54","wix:image://v1/82bd08_1694db608505400fad3945fa228ffbc7~mv2.jpg/bg.jpg#originWidth=1080&originHeight=1080","2026-04-09T15:40:25Z","work-row-0161","2026-04-09T15:40:25Z","2026-05-03T07:26:13Z","user-0153","","true"
"p.h.","","19","wix:image://v1/015163_56644ee5329745a4aa04ff1b4db5d5d8~mv2.jpg/bg.jpg#originWidth=860&originHeight=860","2026-04-09T05:48:25Z","work-row-0162","2026-04-09T05:48:26Z","2026-04-25T04:23:40Z","user-0248","","true"
"エクスプロウル","wix:video://v1/5367c7_945c929a3a824ad7830499d9f236b5b2/bg.mp4#posterUri=5367c7_945c929a3a824ad7830499d9f236b5b2f001.jpg&posterWidth=854&posterHeight=480","247","wix:image://v1/5367c7_d983748a25424e26a793a3c1a2da4fac~mv2.png/bg.png#originWidth=754&originHeight=754","2026-04-26T09:34:31Z","work-row-0163","2026-04-26T09:34:33Z","2026-04-26T09:34:38Z","user-0043","",""
"Dummy March","","12","wix:image://v1/12abad_030e2c4fbc7c489ebc2a9ddb6f622988~mv2.png/bg.png#originWidth=1440&originHeight=1440","2026-04-09T05:09:55Z","work-row-0164","2026-04-09T05:09:55Z","2026-04-25T04:23:30Z","user-0002","","true"
"愛を探して","wix:video://v1/f01d29_30f59da85e2e494db4d650abf76e0bc5/pv.mp4#posterUri=f01d29_30f59da85e2e494db4d650abf76e0bc5f001.jpg&posterWidth=854&posterHeight=480","148","wix:image://v1/f01d29_3e05173b97f4484ea0595c774adaa165~mv2.png/bg.png#originWidth=777&originHeight=776","2026-04-11T18:01:32Z","work-row-0165","2026-04-11T18:01:33Z","2026-05-09T18:17:27Z","user-0051","","true"
"ニュートンダンス","wix:video://v1/4b35c8_ebbebbc227be4b3ca04ae20238412865/pv.mp4#posterUri=4b35c8_ebbebbc227be4b3ca04ae20238412865f001.jpg&posterWidth=480&posterHeight=272","107","wix:image://v1/4b35c8_c18753f34fc9415b85ec37a1d2aa14a6~mv2.png/bg.png#originWidth=1220&originHeight=1220","2026-04-10T09:57:53Z","work-row-0166","2026-04-10T09:57:53Z","2026-04-25T04:29:06Z","user-0155","","true"
"Blackjack","wix:video://v1/f72434_2bee13169e7f474f818aa1558412982b/pv.mp4#posterUri=f72434_2bee13169e7f474f818aa1558412982bf001.jpg&posterWidth=854&posterHeight=480","60","wix:image://v1/f72434_c7a1f9c876e741868b993c6235cbd198~mv2.png/bg.png#originWidth=740&originHeight=740","2026-04-09T15:57:28Z","work-row-0167","2026-04-09T15:57:29Z","2026-05-09T18:14:58Z","user-0100","","true"
"RE:START","","143","wix:image://v1/0a5b51_08a95646258d48f5bf6dd4d921fa8ae2~mv2.png/bg.png#originWidth=640&originHeight=480","2026-04-11T15:37:53Z","work-row-0168","2026-04-11T15:37:54Z","2026-05-09T18:17:22Z","user-0037","","true"
"キネティックタウン","wix:video://v1/2370c8_a3ad90fe83f7459a9cb054b0a6b2c278/bg.mp4#posterUri=2370c8_a3ad90fe83f7459a9cb054b0a6b2c278f001.jpg&posterWidth=854&posterHeight=480","7","wix:image://v1/2370c8_a98070b9b8d542f887dafdbffe33ae50~mv2.jpg/bg.jpg#originWidth=1400&originHeight=1400","2026-04-09T04:58:58Z","work-row-0169","2026-04-09T04:58:59Z","2026-05-03T15:45:08Z","user-0225","","true"
"バケモノの唄","","11","wix:image://v1/11aeb8_a4ef802f18d74476b3efbd956be739e5~mv2.jpg/bg.jpg#originWidth=1400&originHeight=1400","2026-04-09T05:06:33Z","work-row-0170","2026-04-09T05:06:35Z","2026-04-25T04:23:18Z","user-0111","","true"
"サンセットバスストップ","","246","wix:image://v1/067eb9_d3d503a0800c4dc6a05d18c434e17402~mv2.jpg/bg.jpg#originWidth=640&originHeight=640","2026-04-26T08:21:08Z","work-row-0171","2026-04-26T08:21:09Z","2026-05-09T18:20:01Z","user-0202","","true"
"璀璨时光","","153","wix:image://v1/85a5f0_aeaaa6898887403cbcdbab71c15ef784~mv2.jpg/bg.jpg#originWidth=1280&originHeight=1280","2026-04-12T00:42:08Z","work-row-0172","2026-04-12T00:42:09Z","2026-05-09T16:53:34Z","user-0201","","true"
"ブレインロット","wix:video://v1/1ce422_17e804aa81ff4d9785669dbac246a1a2/bg.mp4#posterUri=1ce422_17e804aa81ff4d9785669dbac246a1a2f001.jpg&posterWidth=854&posterHeight=480","63","wix:image://v1/1ce422_27c395e1fea74b2da337eddac7b07643~mv2.jpg/bg.jpg#originWidth=480&originHeight=480","2026-04-09T16:07:00Z","work-row-0173","2026-04-09T16:07:01Z","2026-05-03T07:26:24Z","user-0008","","true"
"血讐","wix:video://v1/48eec3_1e9ade0b09e147f98e1c1bb5270cf33f/PV.mp4#posterUri=48eec3_1e9ade0b09e147f98e1c1bb5270cf33ff001.jpg&posterWidth=1280&posterHeight=720","67","wix:image://v1/48eec3_3b8daa1a6f044553a8f6404ce1bb86a1~mv2.jpg/bg.jpg#originWidth=849&originHeight=849","2026-04-09T16:39:13Z","work-row-0174","2026-04-09T16:39:14Z","2026-05-03T15:45:16Z","user-0188","","true"
"BlackFlagBreaker!!(I/O mix)","wix:video://v1/9e0a5a_a2d25f30b5734e45989f64aa082ecc67/pv.mp4#posterUri=9e0a5a_a2d25f30b5734e45989f64aa082ecc67f001.jpg&posterWidth=2560&posterHeight=1440","53","wix:image://v1/9e0a5a_cbfe78ab77ca4f909f3f50554ca984c1~mv2.jpg/bg.jpg#originWidth=1280&originHeight=1280","2026-04-09T15:26:21Z","work-row-0175","2026-04-09T15:26:22Z","2026-05-03T15:45:14Z","user-0187","","true"
"アイニド","wix:video://v1/766a95_1445f324f3034deab7e5374795ab7d82/bg.mp4#posterUri=766a95_1445f324f3034deab7e5374795ab7d82f001.jpg&posterWidth=852&posterHeight=480","88","wix:image://v1/766a95_22b27efec49647bd97f1aaaa95543c21~mv2.jpg/bg.jpg#originWidth=500&originHeight=500","2026-04-10T04:17:36Z","work-row-0176","2026-04-10T04:17:37Z","2026-04-25T04:28:25Z","user-0125","","true"
"モンダイナイトリッパー！(code:MK ver)","wix:video://v1/fe37c6_d041ba9f05fd45e58e8918fd5ea3b2f8/bg.mp4#posterUri=fe37c6_d041ba9f05fd45e58e8918fd5ea3b2f8f001.jpg&posterWidth=1920&posterHeight=1080","226","wix:image://v1/fe37c6_5affe400df4c45eca588003252c8d48d~mv2.jpg/bg.jpg#originWidth=2000&originHeight=2000","2026-04-21T17:43:22Z","work-row-0177","2026-04-21T17:43:23Z","2026-05-09T18:19:27Z","user-0165","","true"
"スーサイドパレヱド","wix:video://v1/375649_24361d41fa834d56a2aa5f405ff6f094/bg.mp4#posterUri=375649_24361d41fa834d56a2aa5f405ff6f094f001.jpg&posterWidth=854&posterHeight=480","75","wix:image://v1/375649_4a6c0a1e86304c92b5c7064311bcb7d0~mv2.png/bg.png#originWidth=709&originHeight=709","2026-04-09T17:11:50Z","work-row-0178","2026-04-09T17:11:50Z","2026-05-09T18:15:30Z","user-0267","","true"
"quiz","","116","wix:image://v1/12e140_f58d89d42e824602a02bd1c592d44be4~mv2.png/bg.png#originWidth=661&originHeight=661","2026-04-10T13:49:58Z","work-row-0179","2026-04-10T13:49:59Z","2026-05-09T16:53:06Z","user-0117","","true"
"ネハン","","166","wix:image://v1/8aff65_e6682858c0f44e4aa06b2148d0496259~mv2.jpg/bg.jpg#originWidth=500&originHeight=500","2026-04-12T17:14:15Z","work-row-0180","2026-04-12T17:14:16Z","2026-04-26T04:53:04Z","user-0109","","true"
"サクラソウ","","144","wix:image://v1/95c968_1f223dcf1cb9492ab72ca170db2abda5~mv2.png/bg.png#originWidth=2400&originHeight=2400","2026-04-11T15:39:54Z","work-row-0181","2026-04-11T15:39:55Z","2026-04-25T04:29:45Z","user-0205","","true"
"有頂天ビバーチェ","wix:video://v1/d096a2_ffd81755e0f14c7a85c519100709f21a/pv.mp4#posterUri=d096a2_ffd81755e0f14c7a85c519100709f21af001.jpg&posterWidth=636&posterHeight=360","248","wix:image://v1/d096a2_e9415ad861d243468fb38b94670ce0bd~mv2.jpg/bg.jpg#originWidth=640&originHeight=640","2026-04-26T10:12:27Z","work-row-0182","2026-04-26T10:12:28Z","2026-05-03T07:31:16Z","user-0271","","true"
"ハイドレンジア","wix:video://v1/296bfe_60ea82ebfe66470c94d4a1e34a8e8dab/bg.mp4#posterUri=296bfe_60ea82ebfe66470c94d4a1e34a8e8dabf001.jpg&posterWidth=1920&posterHeight=1080","117","wix:image://v1/296bfe_194b40e8c8384409919d73b8fb6e5cb2~mv2.jpg/bg.jpg#originWidth=500&originHeight=500","2026-04-10T14:45:08Z","work-row-0183","2026-04-10T14:45:09Z","2026-05-09T18:16:27Z","user-0245","","true"
"スーサイドパレヱド","wix:video://v1/3fc8f8_b0570dae82ce48eaa4a59be63bba2d32/bg.mp4#posterUri=3fc8f8_b0570dae82ce48eaa4a59be63bba2d32f001.jpg&posterWidth=1280&posterHeight=720","263","wix:image://v1/3fc8f8_e2a6c167c5084e2aa0efda9ef3fb4f94~mv2.jpg/bg.jpg#originWidth=1500&originHeight=1500","2026-04-30T12:56:08Z","work-row-0184","2026-04-30T12:56:09Z","2026-05-09T18:20:38Z","user-0135","","true"
"ロケットサイダー","","157","wix:image://v1/f53f70_3f431fc0b1714172851db5ae640bb3fc~mv2.png/bg.png#originWidth=1280&originHeight=1280","2026-04-12T02:40:22Z","work-row-0185","2026-04-12T02:40:23Z","2026-04-25T04:30:06Z","user-0186","","true"
"愛して愛して愛して","","140","wix:image://v1/c92337_0defea2eb61d4242bd262a3dc2aca66a~mv2.png/bg.png#originWidth=512&originHeight=512","2026-04-11T14:02:40Z","work-row-0186","2026-04-11T14:02:40Z","2026-05-03T07:28:12Z","user-0048","","true"
"PPPP","wix:video://v1/853cc2_51a32d8d85774949bf3c1ee62e8e8b3a/pv.mp4#posterUri=853cc2_51a32d8d85774949bf3c1ee62e8e8b3af001.jpg&posterWidth=640&posterHeight=360","109","wix:image://v1/853cc2_3c3eb4ab088742b29c8344feca357acb~mv2.jpg/bg.jpg#originWidth=256&originHeight=256","2026-04-10T10:33:30Z","work-row-0187","2026-04-10T10:33:30Z","2026-05-09T18:16:14Z","user-0134","","true"
"ダイダイダイダイダイキライ","wix:video://v1/b2d90d_3ecc202b110440ca95c62db8269f22d4/bg.mp4#posterUri=b2d90d_3ecc202b110440ca95c62db8269f22d4f001.jpg&posterWidth=852&posterHeight=480","250","wix:image://v1/b2d90d_96ff9fed8e9e432697c3ab905c34e377~mv2.jpg/bg.jpg#originWidth=1500&originHeight=1500","2026-04-26T13:10:37Z","work-row-0188","2026-04-26T13:10:40Z","2026-05-03T07:31:19Z","user-0106","","true"
"生きる","","182","wix:image://v1/933aa4_b2865e22df024da5a2ece109ae9e74f9~mv2.jpg/bg.jpg#originWidth=640&originHeight=640","2026-04-13T10:07:19Z","work-row-0189","2026-04-13T10:07:21Z","2026-05-03T07:29:31Z","user-0073","","true"
"コトダマ","wix:video://v1/ea5f60_981bf36b6f614248adac2194893b73ba/bg.mp4#posterUri=ea5f60_981bf36b6f614248adac2194893b73baf001.jpg&posterWidth=854&posterHeight=480","13","wix:image://v1/ea5f60_0a41fc4651b543ac9d04f4b3b3278f25~mv2.jpg/bg.jpg#originWidth=1600&originHeight=1600","2026-04-09T05:12:38Z","work-row-0190","2026-04-09T05:12:38Z","2026-05-09T18:13:59Z","user-0040","","true"
"サンドリヨン 10th Anniversary","wix:video://v1/a37b13_827c697d2f95421a86df4c43f156d061/bg.mp4#posterUri=a37b13_827c697d2f95421a86df4c43f156d061f001.jpg&posterWidth=854&posterHeight=480","262","wix:image://v1/a37b13_68a8037022914fa38411400dd3e58cdd~mv2.jpg/bg.jpg#originWidth=814&originHeight=814","2026-04-29T16:46:31Z","work-row-0191","2026-04-29T16:46:32Z","2026-05-09T16:56:20Z","user-0191","","true"
"歌唱するキカイ","wix:video://v1/8e713c_04ed46ad41974db0985b388eae2d8830/PV.mp4#posterUri=8e713c_04ed46ad41974db0985b388eae2d8830f001.jpg&posterWidth=480&posterHeight=480","6","wix:image://v1/8e713c_7618056bc7b14248a7bb05dfe3f8a477~mv2.png/bg.png#originWidth=720&originHeight=720","2026-04-09T04:54:02Z","work-row-0192","2026-04-09T04:54:02Z","2026-04-25T04:23:09Z","user-0169","","true"
"劣等上等","wix:video://v1/f7dbb0_5632e64a0df44a7eaefc7ac289fb52a8/bg.mp4#posterUri=f7dbb0_5632e64a0df44a7eaefc7ac289fb52a8f001.jpg&posterWidth=854&posterHeight=480","74","wix:image://v1/f7dbb0_0708e7570e1b4040a4dad700b4828bcb~mv2.jpg/bg.jpg#originWidth=1076&originHeight=1075","2026-04-09T17:08:13Z","work-row-0193","2026-04-09T17:08:13Z","2026-04-25T04:27:57Z","user-0294","","true"
"歯車仕掛けのダンスホール","","236","wix:image://v1/b3aae7_78fdaf8f57ea4c0c8b4804ea3b455d14~mv2.png/bg.png#originWidth=1280&originHeight=1280","2026-04-22T19:04:34Z","work-row-0194","2026-04-22T19:04:35Z","2026-04-22T19:04:40Z","user-0003","",""
"威風堂々","","104","wix:image://v1/5d6b97_d4c44035ed2745adb7e35cdbcf6a39c0~mv2.jpg/bg.jpg#originWidth=740&originHeight=740","2026-04-10T08:46:27Z","work-row-0195","2026-04-10T08:46:28Z","2026-05-09T18:16:04Z","user-0147","","true"
"二息歩行","wix:video://v1/f3fb0c_5b49d76835d6404c9153054b77a510dd/pv.mp4#posterUri=f3fb0c_5b49d76835d6404c9153054b77a510ddf001.jpg&posterWidth=300&posterHeight=300","95","wix:image://v1/f3fb0c_1fdf10f10843486e9199dd1144791d05~mv2.jpg/bg.jpg#originWidth=600&originHeight=600","2026-04-10T04:53:18Z","work-row-0196","2026-04-10T04:53:18Z","2026-04-25T04:28:51Z","user-0182","","true"
"蜘蛛糸モノポリー","wix:video://v1/dd4681_be0108a6f79b4c0fbf477226bfd42170/pv.mp4#posterUri=dd4681_be0108a6f79b4c0fbf477226bfd42170f001.jpg&posterWidth=854&posterHeight=480","93","wix:image://v1/dd4681_23a8a71ce44a4da4a4322ce315525941~mv2.png/bg.png#originWidth=1080&originHeight=1080","2026-04-10T04:51:35Z","work-row-0197","2026-04-10T04:51:35Z","2026-05-03T07:27:23Z","user-0101","","true"
"Pale","","188","wix:image://v1/d8aae7_f8f47726714a4595aee31e8e357780dd~mv2.jpg/bg.jpg#originWidth=1600&originHeight=1600","2026-04-14T09:55:31Z","work-row-0198","2026-04-14T09:55:32Z","2026-05-03T07:29:34Z","user-0006","","true"
"混沌ブギ","wix:video://v1/dedf8c_8bb5594cea5948f8a1f109fd41864bae/pv.mp4#posterUri=dedf8c_8bb5594cea5948f8a1f109fd41864baef001.jpg&posterWidth=1280&posterHeight=720","129","wix:image://v1/dedf8c_23e8f994e5f2491bbdf013d6c8757a0f~mv2.jpg/bg.jpg#originWidth=945&originHeight=945","2026-04-10T17:40:32Z","work-row-0199","2026-04-10T17:40:33Z","2026-05-02T17:46:57Z","user-0295","","true"
"メグメグ☆フャイヤーエンドレスナイト","","24","wix:image://v1/d05cab_f6640a52b00f4247b7ccf23e6d5e1672~mv2.jpg/bg.jpg#originWidth=800&originHeight=800","2026-04-09T06:25:27Z","work-row-0200","2026-04-09T06:25:28Z","2026-05-09T18:14:11Z","user-0067","","true"
"ど〜ぱみん,重音テト_-_しゃにむに","wix:video://v1/cff47b_0403d37f98f04af1bf500f4a8943784c/pv.mp4#posterUri=cff47b_0403d37f98f04af1bf500f4a8943784cf001.jpg&posterWidth=1280&posterHeight=720","249","wix:image://v1/cff47b_b15d56bf743d4109ab9c6798af0b4c71~mv2.jpg/bg.jpg#originWidth=500&originHeight=500","2026-04-26T11:58:50Z","work-row-0201","2026-04-26T11:58:52Z","2026-04-26T11:59:00Z","user-0068","",""
"ミニ偏","","70","wix:image://v1/ea38d3_8c689364f6f8496ba35d70e7ede4fd3a~mv2.jpg/bg.jpg#originWidth=500&originHeight=500","2026-04-09T16:52:18Z","work-row-0202","2026-04-09T16:52:18Z","2026-05-09T18:15:10Z","user-0074","","true"
"砂の惑星","","193","wix:image://v1/12b199_8dcd28a02cc84ad8ac7800b9e0241421~mv2.jpg/bg.jpg#originWidth=1400&originHeight=1400","2026-04-16T09:25:09Z","work-row-0203","2026-04-16T09:25:10Z","2026-04-25T04:31:19Z","user-0296","","true"
"結実のとき","wix:video://v1/c5381f_0136887718114870afa953c44085c156/bg.mp4#posterUri=c5381f_0136887718114870afa953c44085c156f001.jpg&posterWidth=600&posterHeight=600","273","wix:image://v1/c5381f_53256568c3be4071a49e64f1c58a1ba0~mv2.jpg/bg.jpg#originWidth=500&originHeight=500","2026-05-02T16:04:33Z","work-row-0204","2026-05-02T16:04:35Z","2026-05-02T16:05:28Z","user-0154","",""
"ジグソーパズル","wix:video://v1/b09cc1_a784f0e658ec462abdee2d757bfebc17/bg.mp4#posterUri=b09cc1_a784f0e658ec462abdee2d757bfebc17f001.jpg&posterWidth=1920&posterHeight=1920","61","wix:image://v1/b09cc1_61b42602f9014c8f911a480329b1e688~mv2.png/bg.png#originWidth=1080&originHeight=1080","2026-04-09T15:57:46Z","work-row-0205","2026-04-09T15:57:46Z","2026-05-09T18:15:02Z","user-0028","","true"
"蒋介石肛门受伤事件","","119","wix:image://v1/c04a7a_1391a742a8ed4faeb8f57ab583e72312~mv2.jpg/bg.JPG#originWidth=1216&originHeight=1216","2026-04-10T15:41:06Z","work-row-0206","2026-04-10T15:41:07Z","2026-04-25T04:29:24Z","user-0279","","true"
"イドラのサーカス","wix:video://v1/27aad1_480c6743c72f41fcb8a0e290dda0521b/bg.mp4#posterUri=27aad1_480c6743c72f41fcb8a0e290dda0521bf001.jpg&posterWidth=1066&posterHeight=480","207","wix:image://v1/27aad1_5f82b6e7bca74c61963371fc21b6cd3f~mv2.jpg/bg.jpg#originWidth=1083&originHeight=1080","2026-04-18T05:32:37Z","work-row-0207","2026-04-18T05:32:39Z","2026-04-18T05:32:46Z","user-0060","",""
"ブレインロット","wix:video://v1/3bae9e_c8791b5a0d1a41cca96bdadb4d9bc9d0/pv.mp4#posterUri=3bae9e_c8791b5a0d1a41cca96bdadb4d9bc9d0f001.jpg&posterWidth=960&posterHeight=960","113","wix:image://v1/3bae9e_d02a2dd68f1f46bc9bb14397d464c6a1~mv2.jpeg/bg.jpeg#originWidth=225&originHeight=225","2026-04-10T12:09:20Z","work-row-0208","2026-04-10T12:09:21Z","2026-04-25T04:29:14Z","user-0260","","true"
"ローリンガール","wix:video://v1/a7c333_2840c3b1a2ab4679b79fa389a7ac2746/pv.mp4#posterUri=a7c333_2840c3b1a2ab4679b79fa389a7ac2746f001.jpg&posterWidth=1080&posterHeight=1080","274","wix:image://v1/a7c333_b73b2362629c4d258e56d1f01d0ec2cb~mv2.jpg/bg.jpg#originWidth=400&originHeight=400","2026-05-02T16:41:35Z","work-row-0209","2026-05-02T16:41:36Z","2026-05-09T16:56:39Z","user-0270","","true"
"ババロア (Bavaroa) (Tom Remix)","wix:video://v1/dec625_3c75fcf12a9c41b39d6bbbd1eb886651/bg.mp4#posterUri=dec625_3c75fcf12a9c41b39d6bbbd1eb886651f001.jpg&posterWidth=854&posterHeight=480","285","wix:image://v1/dec625_b8e5beedcb094a938e59039b22db919a~mv2.png/bg.png#originWidth=616&originHeight=617","2026-05-03T01:01:58Z","work-row-0210","2026-05-03T01:01:59Z","2026-05-09T16:56:53Z","user-0030","","true"
"キネティックタウン","wix:video://v1/2db848_e5a88c45cc254bd1ab4f494bfdefa0cd/pv.mp4#posterUri=2db848_e5a88c45cc254bd1ab4f494bfdefa0cdf001.jpg&posterWidth=1920&posterHeight=1080","187","wix:image://v1/2db848_c45b903ca852482f8aa7af30eb752a53~mv2.jpg/bg.jpg#originWidth=500&originHeight=500","2026-04-14T08:53:32Z","work-row-0211","2026-04-14T08:53:34Z","2026-04-14T08:53:56Z","user-0214","",""
"悲報！ワイ！ニート！","wix:video://v1/93b00e_c2939b473f234968a451f7a9398c5f82/pv.mp4#posterUri=93b00e_c2939b473f234968a451f7a9398c5f82f001.jpg&posterWidth=720&posterHeight=720","156","wix:image://v1/93b00e_cce25350817b4a6aa9540ab1d9b01899~mv2.jpg/bg.jpg#originWidth=718&originHeight=718","2026-04-12T02:33:40Z","work-row-0212","2026-04-12T02:33:40Z","2026-04-25T04:30:02Z","user-0256","","true"
"ワンダーラスト","","291","wix:image://v1/5cce87_615b19f8c555420ba7c1c9545ed42b3c~mv2.jpg/bg.jpg#originWidth=1600&originHeight=1600","2026-05-03T03:46:34Z","work-row-0213","2026-05-03T03:46:36Z","2026-05-09T16:57:17Z","user-0297","","true"
"スコーピオンガールの貴重な捕食シーン","wix:video://v1/90157c_7c93aecc3f7146ae817566738f0633f6/bg.mp4#posterUri=90157c_7c93aecc3f7146ae817566738f0633f6f001.jpg&posterWidth=480&posterHeight=480","137","wix:image://v1/90157c_f6cb571184434db2b08a22119048a171~mv2.jpg/bg.jpg#originWidth=2047&originHeight=2047","2026-04-11T12:42:08Z","work-row-0214","2026-04-11T12:42:09Z","2026-05-09T18:17:02Z","user-0055","","true"
"ヤンキーボーイヤンキーガール","","220","wix:image://v1/c3aae7_fed39e33a65c42f692a3d3af9539064f~mv2.png/bg.png#originWidth=800&originHeight=800","2026-04-20T05:20:41Z","work-row-0215","2026-04-20T05:20:42Z","2026-05-09T16:54:36Z","user-0174","","true"
"キミが勝利のめがみさま！","wix:video://v1/78d94f_db10a6d911904f60bbbbd288041c165b/pv.mp4#posterUri=78d94f_db10a6d911904f60bbbbd288041c165bf001.jpg&posterWidth=1280&posterHeight=720","200","wix:image://v1/78d94f_b41013525ae845ddbf4fc5acd26176b6~mv2.jpg/bg.jpg#originWidth=1024&originHeight=1024","2026-04-17T10:01:42Z","work-row-0216","2026-04-17T10:01:42Z","2026-04-17T10:01:51Z","user-0185","",""
"Ten Thousand Stars","","130","wix:image://v1/82ffc9_3339f4902b0049f38a72ee0d8745a30a~mv2.jpg/bg.jpg#originWidth=640&originHeight=640","2026-04-10T17:51:36Z","work-row-0217","2026-04-10T17:51:36Z","2026-05-09T18:16:49Z","user-0121","","true"
"十六歳の心臓","wix:video://v1/9d4bb4_a4d9ed34d3254f1da5886fd7d4ce014e/mv.mp4#posterUri=9d4bb4_a4d9ed34d3254f1da5886fd7d4ce014ef001.jpg&posterWidth=480&posterHeight=480","212","wix:image://v1/9d4bb4_73d7178755504212a47e9d9ec45c5836~mv2.png/bg.png#originWidth=740&originHeight=740","2026-04-19T01:45:56Z","work-row-0218","2026-04-19T01:45:57Z","2026-05-03T07:30:18Z","user-0218","","true"
"とんねる大冒険","wix:video://v1/449217_db26d4640c324c27bd20b240b49db44f/bg.mp4#posterUri=449217_db26d4640c324c27bd20b240b49db44ff001.jpg&posterWidth=1920&posterHeight=1080","158","wix:image://v1/449217_b041ee1dc88f49569a020864621135fe~mv2.png/bg.png#originWidth=720&originHeight=720","2026-04-12T05:01:58Z","work-row-0219","2026-04-12T05:01:59Z","2026-05-03T15:46:03Z","user-0190","","true"
"ダダダダダル","wix:video://v1/176848_d67f918d253a4f4cabdd5b9fe28f6ec5/bg.mp4#posterUri=176848_d67f918d253a4f4cabdd5b9fe28f6ec5f001.jpg&posterWidth=848&posterHeight=480","178","wix:image://v1/176848_eb7c51ad3a6f40449de785a3256ddd62~mv2.jpg/bg.jpg#originWidth=1600&originHeight=1600","2026-04-13T06:47:05Z","work-row-0220","2026-04-13T06:47:06Z","2026-05-09T18:18:17Z","user-0114","","true"
"ノウナイディスコ (feat. IA AI)","","79","wix:image://v1/57b4f5_53cdc3c773424552ad3ba310bb47299f~mv2.png/bg.png#originWidth=780&originHeight=780","2026-04-09T18:15:22Z","work-row-0221","2026-04-09T18:15:23Z","2026-04-09T18:15:27Z","user-0175","",""
"はたらけ!ニート","","83","wix:image://v1/7f1e5f_5e01cfd4262e436ba7a7f662c0f7fdea~mv2.jpg/bg.jpg#originWidth=800&originHeight=800","2026-04-09T20:38:42Z","work-row-0222","2026-04-09T20:38:44Z","2026-05-03T07:26:56Z","user-0269","","true"
"アイムマイン","wix:video://v1/35ba12_2f7ec3d7a5a04e8f985af50b491c1985/pv.mp4#posterUri=35ba12_2f7ec3d7a5a04e8f985af50b491c1985f001.jpg&posterWidth=640&posterHeight=360","297","wix:image://v1/35ba12_35bccc9941a24a9d8f4444738bd1467f~mv2.png/bg.png#originWidth=740&originHeight=740","2026-05-03T06:44:43Z","work-row-0223","2026-05-03T06:44:44Z","2026-05-09T16:49:21Z","user-0232","","true"
"アガリ症","wix:video://v1/4322c5_4559baa4f5204c7db5da4fa2ef96f86f/pv.mp4#posterUri=4322c5_4559baa4f5204c7db5da4fa2ef96f86ff001.jpg&posterWidth=854&posterHeight=480","73","wix:image://v1/4322c5_b16d5296053242599adea11a70a9542b~mv2.jpg/bg.jpg#originWidth=1080&originHeight=1080","2026-04-09T17:08:02Z","work-row-0224","2026-04-09T17:08:02Z","2026-05-03T07:26:43Z","user-0078","","true"
"押ス ft. 重音テトSV","wix:video://v1/f67d87_4291a38b7c9c40d9a7bfd296d6f276b7/pv.mp4#posterUri=f67d87_4291a38b7c9c40d9a7bfd296d6f276b7f001.jpg&posterWidth=1080&posterHeight=1080","68","wix:image://v1/f67d87_175d70b2601d4c0a94970e47c03214c6~mv2.jpg/bg.jpg#originWidth=1920&originHeight=1080","2026-04-09T16:39:18Z","work-row-0225","2026-04-09T16:39:18Z","2026-05-03T15:45:31Z","user-0206","","true"
"SAN值直葬","wix:video://v1/613357_c700ffedbc394441b49560ae1428773d/bg.mp4#posterUri=613357_c700ffedbc394441b49560ae1428773df001.jpg&posterWidth=1280&posterHeight=720","253","wix:image://v1/613357_d8f8a7c6f9b64f8b8772e94afaa6a1c4~mv2.jpg/bg.jpg#originWidth=740&originHeight=740","2026-04-28T08:06:27Z","work-row-0226","2026-04-28T08:06:28Z","2026-05-09T18:20:18Z","user-0145","","true"
"日常と地球の額縁","","80","wix:image://v1/a36f73_f048cc0230794988842e38117f8dadf1~mv2.jpg/bg.jpg#originWidth=1500&originHeight=1500","2026-04-09T18:30:48Z","work-row-0227","2026-04-09T18:30:50Z","2026-05-09T18:15:31Z","user-0116","","true"
"バレリーナ.jpeg","wix:video://v1/fbf00e_03f66e71c3b5479bb875d21243372292/pv.mp4#posterUri=fbf00e_03f66e71c3b5479bb875d21243372292f001.jpg&posterWidth=1280&posterHeight=720","225","wix:image://v1/fbf00e_86ea257bafee49f0837a70e95d12c71c~mv2.jpg/bg.jpg#originWidth=800&originHeight=800","2026-04-21T16:09:50Z","work-row-0228","2026-04-21T16:09:51Z","2026-04-21T16:09:58Z","user-0053","",""
"ダイアグラム","wix:video://v1/48ae5b_4ad5148302d9497fb302a950e304a76c/bg.mp4#posterUri=48ae5b_4ad5148302d9497fb302a950e304a76cf001.jpg&posterWidth=480&posterHeight=480","292","wix:image://v1/48ae5b_0640eb96b1f949988934d6234e498afe~mv2.jpg/bg.jpg#originWidth=1000&originHeight=1000","2026-05-03T04:04:40Z","work-row-0229","2026-05-03T04:04:41Z","2026-05-03T04:04:48Z","user-0198","",""
"私だけの魔法。","wix:video://v1/bc04d0_a3cc667951394238b223b032e6ca80b3/bg.mp4#posterUri=bc04d0_a3cc667951394238b223b032e6ca80b3f001.jpg&posterWidth=854&posterHeight=480","131","wix:image://v1/bc04d0_dfb0af2206b741029fc9a62fddaf9af9~mv2.png/bg.png#originWidth=943&originHeight=942","2026-04-10T17:58:37Z","work-row-0230","2026-04-10T17:58:38Z","2026-05-09T18:16:50Z","user-0047","","true"
"ミルククラウン・オン・ソーネチカ","","218","wix:image://v1/28099a_5d446689223840068c53f8cb14412ef7~mv2.jpg/mmexport1776614799642.jpg#originWidth=1920&originHeight=1080","2026-04-19T16:10:32Z","work-row-0231","2026-04-19T16:10:33Z","2026-05-03T07:30:38Z","user-0240","","true"
"哈利波特学院印象曲·拉文克劳","wix:video://v1/db1b32_92f6373c7da642e497b5b20b14ed7438/pv.mp4#posterUri=db1b32_92f6373c7da642e497b5b20b14ed7438f001.jpg&posterWidth=1920&posterHeight=1080","120","wix:image://v1/db1b32_f13fa493e8a84ed8805bc89886b556b4~mv2.jpg/bg.jpg#originWidth=2850&originHeight=2850","2026-04-10T15:46:15Z","work-row-0232","2026-04-10T15:46:15Z","2026-04-25T04:29:28Z","user-0034","","true"
"クロスロード (feat. 初音ミク)","wix:video://v1/34eefc_b2ebec2fb43a45df9a7c528dbc358c79/pv.mp4#posterUri=34eefc_b2ebec2fb43a45df9a7c528dbc358c79f001.jpg&posterWidth=1080&posterHeight=1080","128","wix:image://v1/34eefc_7746c0be58ef45d1b4060f8b804777ee~mv2.jpg/bg.jpg#originWidth=1400&originHeight=1400","2026-04-10T17:20:58Z","work-row-0233","2026-04-10T17:20:58Z","2026-04-25T04:29:38Z","user-0132","","true"
"聖人君子でありたい (feat. 重音テト)","wix:video://v1/564e20_06bdf6a2a5b7407e9f838528e61f4ab8/pv.mp4#posterUri=564e20_06bdf6a2a5b7407e9f838528e61f4ab8f001.jpg&posterWidth=1920&posterHeight=1080","161","wix:image://v1/564e20_4a0c2081273d472ab425d79d712070d5~mv2.jpg/bg.jpg#originWidth=640&originHeight=640","2026-04-12T10:46:44Z","work-row-0234","2026-04-12T10:46:45Z","2026-05-03T07:29:02Z","user-0221","","true"
"Dec. feat.GUMI","","47","wix:image://v1/b07635_408bf5f0b6d64620b3352ef05124c295~mv2.png/bg.png#originWidth=500&originHeight=500","2026-04-09T14:43:55Z","work-row-0235","2026-04-09T14:43:56Z","2026-04-25T04:24:23Z","user-0136","","true"
"精神崩壊シンドローム","","217","wix:image://v1/6e3712_0a484fd1a8a94f3db2811074fd3e4df7~mv2.jpg/bg.jpg#originWidth=571&originHeight=571","2026-04-19T10:23:09Z","work-row-0236","2026-04-19T10:23:10Z","2026-05-03T07:30:35Z","user-0253","","true"
"メインキャラクター","","15","wix:image://v1/0c45d5_bfa67e725b394af9979dcf2511631fc9~mv2.png/bg.png#originWidth=740&originHeight=740","2026-04-09T05:24:57Z","work-row-0237","2026-04-09T05:24:58Z","2026-05-03T07:25:30Z","user-0019","","true"
"異星にいこうね","wix:video://v1/7b22a4_ba50139745514050a3f765d14b6b9f1d/pv.mp4#posterUri=7b22a4_ba50139745514050a3f765d14b6b9f1df001.jpg&posterWidth=640&posterHeight=360","98","wix:image://v1/7b22a4_5e82d00929c14c92a31be4c29b51e175~mv2.jpg/bg.jpg#originWidth=800&originHeight=800","2026-04-10T05:44:30Z","work-row-0238","2026-04-10T05:44:30Z","2026-05-09T18:15:53Z","user-0031","","true"
"デッド・パロディ・ダンス","wix:video://v1/a92bd2_84b4f10cbfeb49febd8e9f6f0d14b6f5/pv.mp4#posterUri=a92bd2_84b4f10cbfeb49febd8e9f6f0d14b6f5f001.jpg&posterWidth=640&posterHeight=480","145","wix:image://v1/a92bd2_cbf54a0f7af845a4b073761383daea03~mv2.jpg/bg.jpg#originWidth=1600&originHeight=1600","2026-04-11T17:13:56Z","work-row-0239","2026-04-11T17:13:57Z","2026-04-11T17:14:21Z","user-0239","",""
"好きって言って","","283","wix:image://v1/458de7_26f7d4772a624b43bbdf0baa91471377~mv2.jpg/bg.jpg#originWidth=640&originHeight=640","2026-05-02T21:05:15Z","work-row-0240","2026-05-02T21:05:16Z","2026-05-09T18:21:25Z","user-0249","","true"
"已经没有人类了","wix:video://v1/1878d4_22666e693be544fea27d24a7a9d43b53/pv.mp4#posterUri=1878d4_22666e693be544fea27d24a7a9d43b53f001.jpg&posterWidth=854&posterHeight=480","179","wix:image://v1/1878d4_0d6a38ea1ea04390969f2ec76f84b61d~mv2.jpg/bg.jpg#originWidth=1428&originHeight=1440","2026-04-13T07:12:05Z","work-row-0241","2026-04-13T07:12:06Z","2026-05-09T18:18:18Z","user-0261","","true"
"弓弦的锻造歌","wix:video://v1/110e95_b1b9bfb8c833499c989ef4de0c3c7f32/bg.mp4#posterUri=110e95_b1b9bfb8c833499c989ef4de0c3c7f32f001.jpg&posterWidth=1280&posterHeight=720","284","wix:image://v1/110e95_101ee7694916417ea476bdfde0439612~mv2.png/bg.png#originWidth=1083&originHeight=1079","2026-05-03T00:46:59Z","work-row-0242","2026-05-03T00:47:00Z","2026-05-09T18:21:29Z","user-0163","","true"
"Cyclone［黒うさP 5th Anniversary Best ver.］","","237","wix:image://v1/7afb12_467c81c332ca46a9a43f588d2896805c~mv2.jpg/bg.jpg#originWidth=960&originHeight=960","2026-04-22T19:40:22Z","work-row-0243","2026-04-22T19:40:23Z","2026-05-03T07:31:08Z","user-0215","","true"
"天下黄金","wix:video://v1/749844_10998536ea4b46cebd19334eb8c1eaad/bg.mp4#posterUri=749844_10998536ea4b46cebd19334eb8c1eaadf001.jpg&posterWidth=1280&posterHeight=720","189","wix:image://v1/749844_14a49a552033423e91f5edf8a6faabc3~mv2.jpg/bg.jpg#originWidth=1080&originHeight=1080","2026-04-14T12:32:05Z","work-row-0244","2026-04-14T12:32:07Z","2026-05-09T16:54:09Z","user-0211","","true"
"東京テディベア","","90","wix:image://v1/56446f_8917394fa26346afb1aad5270cf951dc~mv2.jpg/bg.jpg#originWidth=1024&originHeight=1024","2026-04-10T04:32:37Z","work-row-0245","2026-04-10T04:32:38Z","2026-04-25T04:28:32Z","user-0209","","true"
"LEMON MELON COOKIE","wix:video://v1/9a804d_7701e5578c6742668be2ad1660f148d1/bg.mp4#posterUri=9a804d_7701e5578c6742668be2ad1660f148d1f001.jpg&posterWidth=1082&posterHeight=608","139","wix:image://v1/9a804d_13f6f32fc32d4b3d82362109867eace2~mv2.png/bg.png#originWidth=1200&originHeight=1200","2026-04-11T14:01:23Z","work-row-0246","2026-04-11T14:01:24Z","2026-05-09T18:17:11Z","user-0056","","true"
"リレイアウター（いよわRemix）","wix:video://v1/fff6d8_23096c9ee01d49598e6d10ebc150aad0/pv.mp4#posterUri=fff6d8_23096c9ee01d49598e6d10ebc150aad0f001.jpg&posterWidth=1280&posterHeight=720","132","wix:image://v1/fff6d8_5c0a6f758a414fa89c5c17afd0775f07~mv2.jpg/bg.jpg#originWidth=584&originHeight=584","2026-04-10T19:46:52Z","work-row-0247","2026-04-10T19:46:53Z","2026-05-09T18:16:51Z","user-0015","","true"
"Supernova","","25","wix:image://v1/60ef79_a9d2bc4b005a48d8bf6d5bf8f62dcfb8~mv2.jpg/bg.jpg#originWidth=1400&originHeight=1400","2026-04-09T06:50:28Z","work-row-0248","2026-04-09T06:50:29Z","2026-04-25T04:41:02Z","user-0137","","true"
"星命学","","45","wix:image://v1/876b5b_789466df35254989962955cf240a38f6~mv2.png/bg.png#originWidth=695&originHeight=695","2026-04-09T14:35:23Z","work-row-0249","2026-04-09T14:35:24Z","2026-04-25T04:24:18Z","user-0157","","true"
"ツギハギスタッカート","wix:video://v1/b58a13_8f03ecb8b0b24c9f8812027936843bfa/bg.mp4#posterUri=b58a13_8f03ecb8b0b24c9f8812027936843bfaf001.jpg&posterWidth=1036&posterHeight=480","293","wix:image://v1/b58a13_dcf9921bab8e4e53856c430268334524~mv2.png/bg.png#originWidth=160&originHeight=90","2026-05-03T04:19:05Z","work-row-0250","2026-05-03T04:19:06Z","2026-05-09T16:57:20Z","user-0122","","true"
"G.L.I.T.C.H. (feat. 重音テト)","","21","wix:image://v1/37df13_932a9c28185c47e38e051fef98e0eb4e~mv2.jpg/1000036511.jpg#originWidth=1600&originHeight=1600","2026-04-09T06:07:38Z","work-row-0251","2026-04-09T06:07:39Z","2026-04-25T04:23:57Z","user-0054","","true"
"初めての恋が終わる時","wix:video://v1/edebad_694ab0ef6ba041e082954d1579c7493f/pv.mp4#posterUri=edebad_694ab0ef6ba041e082954d1579c7493ff001.jpg&posterWidth=640&posterHeight=480","29","wix:image://v1/edebad_d652fd2499754fc59f02bf3db0300e6d~mv2.jpg/bg.jpg#originWidth=1256&originHeight=785","2026-04-09T10:27:03Z","work-row-0252","2026-04-09T10:27:04Z","2026-04-26T04:52:24Z","user-0062","","true"
"オーダーメイド","","17","wix:image://v1/b4047f_214bd17d10c94ea99370664a0ca20bfa~mv2.jpg/1000040720.jpg#originWidth=500&originHeight=500","2026-04-09T05:30:03Z","work-row-0253","2026-04-09T05:30:03Z","2026-04-25T04:23:32Z","user-0257","","true"
"アイリス","wix:video://v1/a43b1b_400839e587a44fecb9ac9e7a15a37599/pv.mp4#posterUri=a43b1b_400839e587a44fecb9ac9e7a15a37599f001.jpg&posterWidth=1080&posterHeight=1080","205","wix:image://v1/a43b1b_ecbda78544234ca387ded2024ff14655~mv2.jpg/bg.jpg#originWidth=673&originHeight=673","2026-04-17T17:21:02Z","work-row-0254","2026-04-17T17:21:03Z","2026-05-09T16:54:22Z","user-0023","","true"
"猪突猛進ガール","wix:video://v1/93c0ae_019531e896ad4aea821c0de9c4277de1/pv.mp4#posterUri=93c0ae_019531e896ad4aea821c0de9c4277de1f001.jpg&posterWidth=854&posterHeight=480","181","wix:image://v1/93c0ae_1cd891eac8354e3badcd7dacea1cf93a~mv2.jpg/bg.jpg#originWidth=960&originHeight=960","2026-04-13T08:25:02Z","work-row-0255","2026-04-13T08:25:03Z","2026-05-03T07:29:26Z","user-0199","","true"
"毒林檎","wix:video://v1/be370b_1beaaa193d2248a789eb7a87708dd2c9/bg.mp4#posterUri=be370b_1beaaa193d2248a789eb7a87708dd2c9f001.jpg&posterWidth=720&posterHeight=720","115","wix:image://v1/be370b_c53cfd7e4711456b94bddee1848f0daa~mv2.jpg/bg.jpg#originWidth=500&originHeight=500","2026-04-10T12:57:38Z","work-row-0256","2026-04-10T12:57:39Z","2026-04-25T04:29:20Z","user-0246","","true"
"トリックハート","","240","wix:image://v1/a359e7_fc60ae02fa084734986d9f078cab3feb~mv2.jpg/bg.jpg#originWidth=500&originHeight=500","2026-04-23T16:18:37Z","work-row-0257","2026-04-23T16:18:38Z","2026-04-25T04:32:35Z","user-0298","","true"
"或るキリスト者は告解室を去る、唯だ信仰のみを抱えて","","261","wix:image://v1/7f4d62_26cce5887be840019b900818e2161999~mv2.jpg/bg.jpg#originWidth=500&originHeight=500","2026-04-29T16:18:48Z","work-row-0258","2026-04-29T16:18:49Z","2026-05-09T18:20:29Z","user-0236","","true"
"雨き声残響","","296","wix:image://v1/870e07_a518d34a4b62460da891e20a82262646~mv2.jpg/bg.jpg#originWidth=1019&originHeight=768","2026-05-03T06:28:11Z","work-row-0259","2026-05-03T06:28:12Z","2026-05-09T16:57:25Z","user-0064","","true"
"消えてゆけ、迷いの果て","","31","wix:image://v1/cd801f_5278c04a46d64424bd0e997d8c5318d7~mv2.jpg/bg.jpg#originWidth=640&originHeight=640","2026-04-09T10:43:22Z","work-row-0260","2026-04-09T10:43:23Z","2026-05-09T16:52:11Z","user-0059","","true"
"typing (feat.歌愛ユキ)","wix:video://v1/0ce4f4_289b1d29750045b7b7a8730740324be8/bg.mp4#posterUri=0ce4f4_289b1d29750045b7b7a8730740324be8f001.jpg&posterWidth=720&posterHeight=720","192","wix:image://v1/0ce4f4_66258fdc7c8c4c97a23924071108bf55~mv2.jpg/bg.jpg#originWidth=640&originHeight=640","2026-04-16T02:20:04Z","work-row-0261","2026-04-16T02:20:06Z","2026-05-03T07:29:43Z","user-0150","","true"
"漸近線上の恋","wix:video://v1/c2fc39_19be8caff3d24af59973be2b031e8277/pv.mp4#posterUri=c2fc39_19be8caff3d24af59973be2b031e8277f001.jpg&posterWidth=720&posterHeight=720","206","wix:image://v1/c2fc39_5edcd4e9fa8043ebb54de403e39e207b~mv2.jpg/bg.jpg#originWidth=500&originHeight=500","2026-04-17T20:49:40Z","work-row-0262","2026-04-17T20:49:41Z","2026-05-03T07:29:50Z","user-0118","","true"
"ブレインロット feat. 重音テト","wix:video://v1/904a32_d64c8ad55e1746b781cba2517440b18e/bg.mp4#posterUri=904a32_d64c8ad55e1746b781cba2517440b18ef001.jpg&posterWidth=640&posterHeight=360","34","wix:image://v1/904a32_0d6cf81fd1154abfb2f2241cf8bb661d~mv2.png/bg.png#originWidth=1400&originHeight=1400","2026-04-09T11:29:28Z","work-row-0263","2026-04-09T11:29:29Z","2026-05-09T18:14:24Z","user-0219","","true"
"アメリ","wix:video://v1/3be87e_7692eefc416746b4b648efa224b28213/bg.mp4#posterUri=3be87e_7692eefc416746b4b648efa224b28213f001.jpg&posterWidth=854&posterHeight=480","180","wix:image://v1/3be87e_69c15143757049aaa2fad000be1309d5~mv2.jpg/bg.jpg#originWidth=800&originHeight=800","2026-04-13T07:35:38Z","work-row-0264","2026-04-13T07:35:39Z","2026-04-13T07:35:45Z","user-0160","",""
"死生観にさよなら","","243","wix:image://v1/0a0d4b_091d058c53714ec881d5fe1394af3d3d~mv2.png/screenshot-20260425-030224.png#originWidth=469&originHeight=482","2026-04-24T19:02:39Z","work-row-0265","2026-04-24T19:02:40Z","2026-05-03T07:31:12Z","user-0299","","true"
"テトリス","wix:video://v1/24e0ec_4733e58fe8c141c5a3f85b6f8c8d43cd/bg.mp4#posterUri=24e0ec_4733e58fe8c141c5a3f85b6f8c8d43cdf001.jpg&posterWidth=480&posterHeight=480","37","wix:image://v1/24e0ec_a74c9043acdf44d5b04f0e82e10b8013~mv2.png/bg.png#originWidth=400&originHeight=400","2026-04-09T12:01:34Z","work-row-0266","2026-04-09T12:01:34Z","2026-05-09T18:14:25Z","user-0014","","true"
"ノウナイディスコ (feat. IA AI)","","38","wix:image://v1/2347e1_590cffdbf18a4b7db18a4afea45a4e16~mv2.jpg/bg.jpg#originWidth=500&originHeight=500","2026-04-09T12:04:24Z","work-row-0267","2026-04-09T12:04:25Z","2026-04-25T04:24:09Z","user-0272","","true"
"MTMTM","wix:video://v1/694b91_3338c23f5e854fee8a1f424ab1ef7660/1000093400.mp4#posterUri=694b91_3338c23f5e854fee8a1f424ab1ef7660f001.jpg&posterWidth=1280&posterHeight=720","173","wix:image://v1/694b91_b3edc30f72c34f00b24e13e5280274c3~mv2.jpg/1000093397.jpg#originWidth=1500&originHeight=1500","2026-04-13T04:03:54Z","work-row-0268","2026-04-13T04:03:55Z","2026-05-03T07:29:16Z","user-0300","","true"
"少女人形の見た夢","","23","wix:image://v1/026302_68125e767af7418aa4ecef2ea90d56b5~mv2.jpg/bg.jpg#originWidth=700&originHeight=700","2026-04-09T06:18:59Z","work-row-0269","2026-04-09T06:19:00Z","2026-04-25T04:23:59Z","user-0263","","true"
"best friEND","","3","wix:image://v1/50da8c_c65a1916fcba44248a588e2f00a0c37c~mv2.jpg/bg.jpg#originWidth=1080&originHeight=1080","2026-04-09T04:45:21Z","work-row-0270","2026-04-09T04:45:22Z","2026-04-25T04:23:03Z","user-0226","","true"
"love machine。","wix:video://v1/35f9f7_aae316cf06744ecf8715349affe0443e/bg.mp4#posterUri=35f9f7_aae316cf06744ecf8715349affe0443ef001.jpg&posterWidth=1920&posterHeight=1080","111","wix:image://v1/35f9f7_297c163b1b944ce8ae35173b9a045c48~mv2.jpg/bg.jpg#originWidth=1600&originHeight=1600","2026-04-10T11:03:05Z","work-row-0271","2026-04-10T11:03:06Z","2026-05-09T18:16:19Z","user-0228","","true"
"Makka","wix:video://v1/9be99a_ce9de42b0f434cd591bc5779e564d6b0/pv.mp4#posterUri=9be99a_ce9de42b0f434cd591bc5779e564d6b0f001.jpg&posterWidth=1280&posterHeight=720","43","wix:image://v1/9be99a_f53ad4292037409b8c38ee0319f024d9~mv2.jpg/bg.jpg#originWidth=772&originHeight=772","2026-04-09T14:17:46Z","work-row-0272","2026-04-09T14:17:46Z","2026-05-03T07:25:45Z","user-0093","","true"
"ミニ偏","wix:video://v1/a43011_7c224318dbbd4b50a947775314ecbc15/pv.mp4#posterUri=a43011_7c224318dbbd4b50a947775314ecbc15f001.jpg&posterWidth=854&posterHeight=480","110","wix:image://v1/a43011_7eeeeea3554b4c76bc7f53e2c5f1b1b7~mv2.jpg/bg.jpg#originWidth=1600&originHeight=1600","2026-04-10T10:48:07Z","work-row-0273","2026-04-10T10:48:08Z","2026-05-09T18:16:18Z","user-0027","","true"
"武装乙女","","256","wix:image://v1/ec87ee_4f036214385f408aba42e246885691b1~mv2.jpg/bg.jpg#originWidth=500&originHeight=500","2026-04-29T05:08:50Z","work-row-0274","2026-04-29T05:08:51Z","2026-05-09T18:20:20Z","user-0176","","true"
"テレパシ","wix:video://v1/fc5b9a_4d6bde67ac424bf094452af80b239630/bg.mp4#posterUri=fc5b9a_4d6bde67ac424bf094452af80b239630f001.jpg&posterWidth=854&posterHeight=480","142","wix:image://v1/fc5b9a_44a9176dcf7649b3bdd643266bf2953b~mv2.png/bg.png#originWidth=1400&originHeight=1400","2026-04-11T14:53:10Z","work-row-0275","2026-04-11T14:53:11Z","2026-05-03T07:28:33Z","user-0036","","true"
"summer time memory","","62","wix:image://v1/2430ef_1628e86864864b28a198c33df38cc95f~mv2.jpg/bg.jpg#originWidth=1061&originHeight=1056","2026-04-09T16:06:07Z","work-row-0276","2026-04-09T16:06:08Z","2026-05-09T18:15:05Z","user-0130","","true"
"ラストスコア (feat. 初音ミク)","","208","wix:image://v1/441561_ecf04305ccf34fce96ce74a2401e047f~mv2.jpg/mmexport1776523283452.jpg#originWidth=500&originHeight=500","2026-04-18T14:47:20Z","work-row-0277","2026-04-18T14:47:21Z","2026-05-03T07:30:02Z","user-0268","","true"
"Empurple","wix:video://v1/aac76e_e8727d1d30194914a4b3172d75ad4934/pv.mp4#posterUri=aac76e_e8727d1d30194914a4b3172d75ad4934f001.jpg&posterWidth=720&posterHeight=720","224","wix:image://v1/aac76e_e1e237243cdb4f6da44c28451edb7839~mv2.png/bg.png#originWidth=823&originHeight=822","2026-04-21T06:53:12Z","work-row-0278","2026-04-21T06:53:13Z","2026-04-22T05:02:29Z","user-0273","","true"
"ドッペルゲンガー","wix:video://v1/32d97f_0b808548845a485c9c143a7d80330c8a/pv.mp4#posterUri=32d97f_0b808548845a485c9c143a7d80330c8af001.jpg&posterWidth=1080&posterHeight=1080","269","wix:image://v1/32d97f_906b40bcfd934140bbde144cb9b068a2~mv2.jpg/bg.jpg#originWidth=1600&originHeight=1600","2026-05-01T18:35:14Z","work-row-0279","2026-05-01T18:35:15Z","2026-05-09T18:20:49Z","user-0255","","true"
"おべか/奉承者","wix:video://v1/c46df8_1416ecc909da4308bba3c46ab29613e2/bg.mp4#posterUri=c46df8_1416ecc909da4308bba3c46ab29613e2f001.jpg&posterWidth=1920&posterHeight=1080","20","wix:image://v1/c46df8_dc4daff051ec4938a1846801097c128d~mv2.jpg/bg.jpg#originWidth=640&originHeight=640","2026-04-09T05:54:31Z","work-row-0280","2026-04-09T05:54:32Z","2026-04-25T04:23:45Z","user-0184","","true"
"歌姬X","wix:video://v1/029cba_c2c81aefd76c4922942526085406a709/bg.mp4#posterUri=029cba_c2c81aefd76c4922942526085406a709f001.jpg&posterWidth=854&posterHeight=480","221","wix:image://v1/029cba_9608cd5469fe4babb87aad03237a5289~mv2.jpg/bg.jpg#originWidth=1000&originHeight=1000","2026-04-20T15:25:15Z","work-row-0281","2026-04-20T15:25:16Z","2026-04-20T15:25:22Z","user-0081","",""
"ドロシィの忘れもの","","55","wix:image://v1/8aec65_c16c978080d244d7bcac1e712a8ad893~mv2.jpg/bg.jpg#originWidth=2048&originHeight=2048","2026-04-09T15:41:16Z","work-row-0282","2026-04-09T15:41:17Z","2026-05-09T18:14:54Z","user-0110","","true"
"コぇちっちゃ＜てゴ×ンネ","wix:video://v1/6d8f26_2909b2edd6844375ae3130f7764fd18a/bg.mp4#posterUri=6d8f26_2909b2edd6844375ae3130f7764fd18af001.jpg&posterWidth=854&posterHeight=480","260","wix:image://v1/6d8f26_9b4af342b5f64073b3cc76445357ada4~mv2.jpg/bg.jpg#originWidth=1200&originHeight=1200","2026-04-29T14:23:18Z","work-row-0283","2026-04-29T14:23:19Z","2026-05-03T07:31:49Z","user-0301","","true"
"インヤンカンケイ","","270","wix:image://v1/7915ff_6820c4f3cdb54bdcbe62e1cfb08936e5~mv2.jpeg/bg.jpeg#originWidth=1728&originHeight=1080","2026-05-01T19:41:06Z","work-row-0284","2026-05-01T19:41:07Z","2026-05-09T16:56:33Z","user-0113","","true"
"升天感","","199","wix:image://v1/8ccc5c_df6d189327e94fe9bf5d595ed2a75ff9~mv2.jpg/bg.jpg#originWidth=500&originHeight=500","2026-04-17T10:00:29Z","work-row-0285","2026-04-17T10:00:30Z","2026-05-09T18:18:38Z","user-0171","","true"
"マリオネット・バレリーナ","wix:video://v1/097b5e_d238e9d0a098410a9d8604207dcce87e/bg.mp4#posterUri=097b5e_d238e9d0a098410a9d8604207dcce87ef001.jpg&posterWidth=1920&posterHeight=1080","276","wix:image://v1/097b5e_1c1820cc6b6746b89ba10eab52b0ff91~mv2.jpg/bg.jpg#originWidth=540&originHeight=540","2026-05-02T17:05:12Z","work-row-0286","2026-05-02T17:05:13Z","2026-05-09T18:21:08Z","user-0144","","true"
"Next Time","","289","wix:image://v1/6308ce_d7f6c85d597a44319c6fa15d4024fe97~mv2.jpg/bg.jpg#originWidth=364&originHeight=364","2026-05-03T03:24:44Z","work-row-0287","2026-05-03T03:24:44Z","2026-05-09T16:57:08Z","user-0041","","true"
"流行アンジェリーナ","wix:video://v1/c5fc13_96b23cfc76ab4be6addc1eaaba19b22c/bg.mp4#posterUri=c5fc13_96b23cfc76ab4be6addc1eaaba19b22cf001.jpg&posterWidth=854&posterHeight=480","186","wix:image://v1/c5fc13_27bb9b5b7eb049b5b38fa7c99bec6163~mv2.jpg/bg.jpg#originWidth=1078&originHeight=1078","2026-04-14T02:26:44Z","work-row-0288","2026-04-14T02:26:46Z","2026-05-09T18:18:25Z","user-0057","","true"
"あなぐらぐらし","","195","wix:image://v1/b6580d_e61f14926fa54e6f8528b5321782f282~mv2.jpg/bg.jpg#originWidth=1400&originHeight=1400","2026-04-16T16:49:09Z","work-row-0289","2026-04-16T16:49:10Z","2026-05-09T18:18:32Z","user-0097","","true"
"ブレインロット","wix:video://v1/77b063_48407cf264d44c878f58c7d6ef481644/pv.mp4#posterUri=77b063_48407cf264d44c878f58c7d6ef481644f001.jpg&posterWidth=854&posterHeight=480","64","wix:image://v1/77b063_7ef11a70a86d4e1faac2f3b5f395c017~mv2.jpg/bg.jpg#originWidth=1400&originHeight=1400","2026-04-09T16:08:51Z","work-row-0290","2026-04-09T16:08:52Z","2026-05-03T07:26:26Z","user-0083","","true"
"Payload","wix:video://v1/9a248d_3e737770b5b64e0aab3c308def440f46/pv.mp4#posterUri=9a248d_3e737770b5b64e0aab3c308def440f46f001.jpg&posterWidth=854&posterHeight=480","89","wix:image://v1/9a248d_73ae2cc8e5494e97873eed229b5678b1~mv2.png/bg.png#originWidth=436&originHeight=396","2026-04-10T04:18:36Z","work-row-0291","2026-04-10T04:18:37Z","2026-05-03T07:27:06Z","user-0183","","true"
"オーバーライド","","112","wix:image://v1/d42410_df3980ade8094af5be2645281ad06e97~mv2.png/bg.png#originWidth=190&originHeight=190","2026-04-10T11:34:05Z","work-row-0292","2026-04-10T11:34:06Z","2026-04-25T04:29:08Z","user-0119","","true"
"『Ri ka Miita,』","","234","wix:image://v1/af3ffa_55e8e80c708045da8758e01b04f63dc9~mv2.png/bg.png#originWidth=384&originHeight=386","2026-04-22T17:06:35Z","work-row-0293","2026-04-22T17:06:36Z","2026-05-09T18:19:45Z","user-0274","","true"
"GETCHA!","wix:video://v1/ef6ba6_d4975ad08fa646119919d3c9f9d980aa/bg.mp4#posterUri=ef6ba6_d4975ad08fa646119919d3c9f9d980aaf001.jpg&posterWidth=600&posterHeight=600","215","wix:image://v1/ef6ba6_9acf5fe3f2ad45df9351a22afff0131b~mv2.jpg/bg.jpg#originWidth=600&originHeight=600","2026-04-19T09:18:14Z","work-row-0294","2026-04-19T09:18:15Z","2026-04-19T09:19:05Z","user-0207","",""
"デュエルペット","wix:video://v1/8d65b7_010c848923e44d528fcb5641afa57b14/pv.mp4#posterUri=8d65b7_010c848923e44d528fcb5641afa57b14f001.jpg&posterWidth=854&posterHeight=480","290","wix:image://v1/8d65b7_281d8e1ed1d14a0e84bb5095ae1885f5~mv2.jpg/bg.jpg#originWidth=638&originHeight=638","2026-05-03T03:25:31Z","work-row-0295","2026-05-03T03:25:31Z","2026-05-09T16:57:12Z","user-0302","","true"
